,ID,filename,channel_num,channel_letter,chamber,set_number,average_speed,total_flight_time,distance,shortest_flying_bout,longest_flying_bout,portion_flying,total_duration,max_speed,box,test_date,time_start,sex_x,population,site,host_plant,flew,died,flight_type,flight_details,NOTES,mass,short-wing,eggs,time_end,latitude,longitude,pophost,sex_y,beak,thorax,wing,body,w_morph,notes,date_measured,date_entered,recorder,lat,long
0,37,set001-11am-10-15-19-A3.txt,3,A,A-3,1,0,0,0,0,0,0,900.0,0,Petri1,10.15,11:30am,F,Key Largo,JP Grove,C. corindum ,N,Y,,,,,,Y,,25.12846,-80.40809,C.corindum,F,8.17,3.18,8.37,11.91,L,wings torn at end,03.19.2020,03.25.2020,AB,25.12846,-80.40809
1,259,set001-11am-10-15-19-B1.txt,1,B,B-1,1,0,0,0,0,0,0,900.0,0,C,10.15,11:30am,M,North Key Largo,DD,C. corindum ,N,,,,,,,,,25.28636983,-80.29077075,C.corindum,M,6.16,3.10,8.34,11.57,L,,03.23.2020,03.26.2020,AB,25.28636983,-80.29077075
6,89,set001-11am-10-15-19-B2.txt,2,B,B-2,1,0.31,894.4,275.195,0,894.4,0.994,900.0,0.393,Petri1,10.15,11:30am,M,Homestead,SW 296th St & 182nd Ave,K. elegans,Y,,C,,,,,,,25.491968,-80.48562,K.elegans,M,6.20,3.31,8.85,12.20,L,,03.20.2020,03.25.2020,AB,25.491968,-80.48562
10,158,set001-11am-10-15-19-B4.txt,4,B,B-4,1,0,0,0,0,0,0,900.0,0,D,10.15,11:30am,M,Lake Wales,Polk,K. elegans,N,,,,,,,,,27.903346,-81.589461,K.elegans,M,5.54,2.64,5.53,8.33,L,,03.20.2020,03.25.2020,AB,27.903346,-81.589461
77,279,set010-10-17-19-A1.txt,1,A,A-1,10,0.366,1305.9,300.327,107.8,600.9,0.726,1800.0,0.524,C,10.17,10:30,M,North Key Largo,DD,C. corindum ,Y,,C,,,,,,,25.28636983,-80.29077075,C.corindum,M,6.17,3.24,8.40,11.61,L,,03.23.2020,03.26.2020,AB,25.28636983,-80.29077075
79,285,set010-10-17-19-A4.txt,4,A,A-4,10,0.589,0,1.885,0,0,0,1800.0,0.785,Petri2,10.17,10:30,F,North Key Largo,DD,C. corindum ,N,,,,,,,Y,,25.28636983,-80.29077075,C.corindum,F,8.61,3.68,9.53,13.47,L,,03.24.2020,03.26.2020,AB,25.28636983,-80.29077075
80,149,set012-10-17-19-A2.txt,2,A,A-2,12,0,0,0.628,0,0,0,1800.0,0,D,10.17,12:20,F,Lake Wales,Polk,K. elegans,N,,,,,,,Y,,27.903346,-81.589461,K.elegans,F,8.18,3.73,10.05,13.89,L,wings torn at end,03.20.2020,03.25.2020,AB,27.903346,-81.589461
83,226,set012-10-17-19-A3.txt,3,A,A-3,12,0.26,540.6,6.911,0,532.3,0.3,1800.0,0.349,E,10.17,12:20,M,North Key Largo,Carysfort Cr,C. corindum ,Y,,B,bursts,,,,,,25.25647566,-80.31068981,C.corindum,M,6.34,2.91,8.08,11.25,L,,03.23.2020,03.26.2020,AB,25.25647566,-80.31068981
89,287,set012-10-17-19-A4.txt,4,A,A-4,12,0,0,0.628,0,0,0,1800.0,0,Petri2,10.17,12:20,M,North Key Largo,DD,C. corindum ,N,,,,,,,,,25.28636983,-80.29077075,C.corindum,M,5.68,2.81,6.28,8.88,LS,,03.24.2020,03.26.2020,AB,25.28636983,-80.29077075
90,101,set012-10-17-19-B2.txt,2,B,B-2,12,0.377,1796.8,670.396,0,1796.8,0.998,1800.0,0.483,A,10.17,12:20,M,Homestead,SW 296th St & 182nd Ave,K. elegans,Y,,C,continuous,,,,,,25.491968,-80.48562,K.elegans,M,5.84,3.15,8.74,11.55,L,,03.20.2020,03.25.2020,AB,25.491968,-80.48562
95,41,set012-10-17-19-B4.txt,4,B,B-4,12,0,0,0,0,0,0,1800.0,0,Petri1,10.17,12:20,M,Key Largo,JP Grove,C. corindum ,N,,,,,,,,,25.12846,-80.40809,C.corindum,M,5.56,2.76,4.59,7.77,S,,03.19.2020,03.25.2020,AB,25.12846,-80.40809
96,64,set013-10-17-19-A2.txt,2,A,A-2,13,0,0,0.628,0,0,0,1800.0,0,B,10.17,1:25,F,Key Largo,JP Grove,C. corindum ,N,,,,,,,Y,,25.12846,-80.40809,C.corindum,F,7.68,3.25,8.39,11.53,L,wings torn at end,03.20.2020,03.25.2020,AB,25.12846,-80.40809
97,258,set013-10-17-19-A4.txt,4,A,A-4,13,0,0,0.628,0,0,0,1800.0,0,Petri2,10.17,1:25,M,North Key Largo,DD,C. corindum ,N,,,,,,,,,25.28636983,-80.29077075,C.corindum,M,6.60,3.23,8.34,11.71,L,,03.23.2020,03.26.2020,AB,25.28636983,-80.29077075
100,264,set014-10-17-19-A2.txt,2,A,A-2,14,0.19,0,4.398,0,0,0,1800.0,0,C,10.17,2:20,M,North Key Largo,DD,C. corindum ,N,,,,,,,,,25.28636983,-80.29077075,C.corindum,M,5.95,3.05,8.21,11.33,L,,03.23.2020,03.26.2020,AB,25.28636983,-80.29077075
102,269,set014-10-17-19-A3.txt,3,A,A-3,14,0,0,0,0,0,0,1800.0,0,C,10.17,2:20,M,North Key Largo,DD,C. corindum ,N,,,,,,,,,25.28636983,-80.29077075,C.corindum,M,6.20,3.13,8.35,11.47,L,wings torn at end,03.23.2020,03.26.2020,AB,25.28636983,-80.29077075
103,155,set014-10-17-19-A4.txt,4,A,A-4,14,0.149,29.4,9.425,0,13.1,0.016,1800.0,0.217,D,10.17,2:20,M,Lake Wales,Polk,K. elegans,Y,,B,bursts,,,,,,27.903346,-81.589461,K.elegans,M,6.07,3.09,8.31,11.48,L,wings torn at end,03.20.2020,03.25.2020,AB,27.903346,-81.589461
107,68,set014-10-17-19-B3.txt,3,B,B-3,14,0.413,224.8,89.219,224.8,224.8,0.125,1800.0,1.257,Petri1,10.17,2:20,M,North Key Largo,Dagny Trellis,C. corindum ,Y,,,,,,,Y,,25.1755048,-80.36782055,C.corindum,F,8.26,3.77,10.11,13.74,L,,03.20.2020,03.25.2020,AB,25.1755048,-80.36782055
112,116,set014-10-17-19-B4.txt,4,B,B-4,14,0.291,319.1,23.875,71.3,240.8,0.177,1800.0,0.483,A,10.17,2:20,F,Homestead,SW 296th St & 182nd Ave,K. elegans,Y,,B,long bursts,,,,,,25.491968,-80.48562,K.elegans,M,6.08,3.05,8.29,11.20,L,,03.20.2020,03.25.2020,AB,25.491968,-80.48562
118,229,set016-10-18-19-A1.txt,1,A,A-1,16,0,0,0,0,0,0,1800.0,0,E,10.18,10:55,F,North Key Largo,Carysfort Cr,C. corindum ,N,,,,,,,Y,,25.25647566,-80.31068981,C.corindum,F,7.66,3.16,8.36,11.67,L,,03.23.2020,03.26.2020,AB,25.25647566,-80.31068981
120,275,set016-10-18-19-A2.txt,2,A,A-2,16,0,0,0,0,0,0,1800.0,0,C,10.18,10:55,F,North Key Largo,DD,C. corindum ,N,,,,,,,,,25.28636983,-80.29077075,C.corindum,F,9.35,3.78,10.19,14.01,L,,03.23.2020,03.26.2020,AB,25.28636983,-80.29077075
123,125,set016-10-18-19-A3.txt,3,A,A-3,16,0.265,526.4,81.679,67.4,232.3,0.292,1800.0,0.37,B,10.18,10:55,M,Homestead,SW 296th St & 182nd Ave,K. elegans,Y,,B,bursts,,,,,,25.491968,-80.48562,K.elegans,M,6.14,3.19,9.02,12.10,L,,03.20.2020,03.25.2020,AB,25.491968,-80.48562
127,120,set016-10-18-19-A4.txt,4,A,A-4,16,0.371,462.9,82.936,212.3,223.4,0.257,1800.0,0.449,A,10.18,10:55,M,Homestead,SW 296th St & 182nd Ave,K. elegans,Y,,B,bursts,,,,,,25.491968,-80.48562,K.elegans,M,5.70,3.23,8.54,11.59,L,,03.20.2020,03.25.2020,AB,25.491968,-80.48562
131,69,set017-10-18-19-A3.txt,3,A,A-3,17,0,0,0,0,0,0,1800.0,0,Petri1,10.18,11:45,F,North Key Largo,Dagny Trellis,C. corindum ,N,,,,,,,Y,,25.1755048,-80.36782055,C.corindum,F,8.74,3.43,8.99,12.55,L,,03.20.2020,03.25.2020,AB,25.1755048,-80.36782055
134,67,set017-10-18-19-A4.txt,4,A,A-4,17,0.281,24.7,5.655,0,19.3,0.014,1800.0,0.571,Petri1,10.18,11:45,M,North Key Largo,Dagny Trellis,C. corindum ,Y,,B,bursts,,,,,,25.1755048,-80.36782055,C.corindum,M,6.23,2.94,7.76,10.94,L,,03.20.2020,03.25.2020,AB,25.1755048,-80.36782055
140,187,set017-10-18-19-B1.txt,1,B,B-1,17,0,0,0,0,0,0,1800.0,0,B,10.18,11:45,F,North Key Largo,N. Dagny,C. corindum ,N,,,,,,,Y,,25.18229498,-80.36369887,C.corindum,F,8.98,3.68,9.06,12.81,L,,03.20.2020,03.25.2020,AB,25.18229498,-80.36369887
142,416,set017-10-18-19-B2.txt,2,B,B-2,17,0.306,421.1,13.194,0,363.3,0.234,1800.0,0.449,D,10.18,11:45,F,Gainesville,NW 10th Ave & 18th St,K. elegans,Y,,B,bursts,,,,Y,,29.661821,-82.347211,K.elegans,F,7.86,3.63,9.89,13.68,L,wings torn at end,03.24.2020,03.26.2020,AB,29.661821,-82.347211
146,95,set017-10-18-19-B3.txt,3,B,B-3,17,0.482,1796.7,853.231,0,1796.7,0.998,1800.0,0.628,A,10.18,11:45,F,Homestead,SW 296th St & 182nd Ave,K. elegans,Y,,C,continuous,,,,Y,,25.491968,-80.48562,K.elegans,F,8.37,3.80,10.22,14.17,L,,03.20.2020,03.25.2020,AB,25.491968,-80.48562
150,102,set017-10-18-19-B4.txt,4,B,B-4,17,0,0,0,0,0,0,1800.0,0,A,10.18,11:45,F,Homestead,SW 296th St & 182nd Ave,K. elegans,N,,,,,,,Y,,25.491968,-80.48562,K.elegans,F,8.54,3.59,9.63,13.36,L,,03.20.2020,03.25.2020,AB,25.491968,-80.48562
153,249,set018-10-18-19-A2.txt,2,A,A-2,18,0.255,0,1.885,0,0,0,1800.0,0.196,E,10.18,1:30,F,North Key Largo,DD -inter,C. corindum ,N,,,,,,,Y,,25.252842,-80.311826,C.corindum,F,8.22,3.50,8.73,12.27,L,,03.23.2020,03.26.2020,AB,25.252842,-80.311826
156,126,set018-10-18-19-A3.txt,3,A,A-3,18,0.45,871.9,382.006,0,865.1,0.484,1800.0,0.571,B,10.18,1:30,M,Homestead,SW 296th St & 182nd Ave,K. elegans,Y,,C,,,,,,,25.491968,-80.48562,K.elegans,M,5.88,3.39,9.00,12.18,L,,03.20.2020,03.25.2020,AB,25.491968,-80.48562
162,190,set018-10-18-19-A4.txt,4,A,A-4,18,0,0,0,0,0,0,1800.0,0,E,10.18,1:30,M,North Key Largo,N. Dagny,C. corindum ,N,,,,,,,,,25.18229498,-80.36369887,C.corindum,M,5.63,2.77,5.22,8.44,S,,03.20.2020,03.25.2020,AB,25.18229498,-80.36369887
163,288,set018-10-18-19-B1.txt,1,B,B-1,18,0.295,942.1,13.194,155.1,783.1,0.523,1800.0,0.571,Petri2,10.18,1:30,M,North Key Largo,DD,C. corindum ,Y,,B,bursts,,,,,,25.28636983,-80.29077075,C.corindum,M,5.94,3.07,7.99,10.94,L,,03.24.2020,03.26.2020,AB,25.28636983,-80.29077075
169,39,set018-10-18-19-B3.txt,3,B,B-3,18,0,0,0,0,0,0,1800.0,0,Petri1,10.18,1:30,F,Key Largo,JP Grove,C. corindum ,N,,,,,,,Y,,25.12846,-80.40809,C.corindum,F,7.78,3.44,8.82,11.79,L,wings torn at end,03.19.2020,03.25.2020,AB,25.12846,-80.40809
170,78,set018-10-18-19-B4.txt,4,B,B-4,18,0,0,0,0,0,0,1800.0,0,B,10.18,1:30,M,North Key Largo,Dagny Trellis,C. corindum ,N,,,,,,,,,25.1755048,-80.36782055,C.corindum,M,5.79,2.78,7.88,10.34,L,wings torn at end,03.20.2020,03.25.2020,AB,25.1755048,-80.36782055
172,81,set019-10-18-19-A2.txt,2,A,A-2,19,0,0,0,0,0,0,1800.0,0,B,10.18,2:15,M,North Key Largo,Dagny 1/2 Loop,C. corindum ,N,,,,,,,,,25.173694,-80.371532,C.corindum,M,6.60,2.89,7.98,11.27,L,,03.20.2020,03.25.2020,AB,25.173694,-80.371532
174,271,set019-10-18-19-A4.txt,4,A,A-4,19,0.215,13.3,2.513,0,13.3,0.007,1800.0,0.393,C,10.18,2:15,M,North Key Largo,DD,C. corindum ,N,,,,,,,,,25.28636983,-80.29077075,C.corindum,M,6.66,3.23,8.63,11.63,L,,03.23.2020,03.26.2020,AB,25.28636983,-80.29077075
176,85,set019-10-18-19-B1.txt,1,B,B-1,19,0,0,0,0,0,0,1800.0,0,B,10.18,2:15,F,North Key Largo,Dagny 1/2 Loop,C. corindum ,Y,,B,bursts,,,,Y,,25.173694,-80.371532,C.corindum,F,8.67,3.52,9.46,13.17,L,wings torn at end,03.20.2020,03.25.2020,AB,25.173694,-80.371532
177,109,set019-10-18-19-B2.txt,2,B,B-2,19,0.178,1524.7,3.141,0,1515.4,0.847,1800.0,0.273,A,10.18,2:15,F,Homestead,SW 296th St & 182nd Ave,K. elegans,Y,,B,bursts,,,,Y,,25.491968,-80.48562,K.elegans,F,7.98,3.66,10.23,13.60,L,,03.20.2020,03.25.2020,AB,25.491968,-80.48562
182,235,set019-10-18-19-B4.txt,4,B,B-4,19,0.19,1671.2,305.354,0,1671.2,0.928,1800.0,0.331,E,10.18,2:15,F,North Key Largo,Carysfort Cr,C. corindum ,Y,,C,continuous,,,,Y,,25.25647566,-80.31068981,C.corindum,F,9.09,3.66,9.75,13.43,L,,03.23.2020,03.26.2020,AB,25.25647566,-80.31068981
188,73,set020-10-18-19-A1.txt,1,A,A-1,20,0,0,0,0,0,0,1800.0,0,B,10.18,3:00,M,North Key Largo,Dagny Trellis,C. corindum ,N,,,,,,,,,25.1755048,-80.36782055,C.corindum,M,5.92,3.07,8.41,11.38,L,,03.20.2020,03.25.2020,AB,25.1755048,-80.36782055
193,49,set020-10-18-19-A2.txt,2,A,A-2,20,0.45,1797.0,776.579,0,1797.0,0.998,1800.0,0.628,A,10.18,3:00,M,Key Largo,JP Grove,C. corindum ,Y,,C,continuous,,,,,,25.12846,-80.40809,C.corindum,M,6.58,3.33,9.56,12.32,L,,03.19.2020,03.25.2020,AB,25.12846,-80.40809
195,123,set020-10-18-19-A3.txt,3,A,A-3,20,0,0,0,0,0,0,1800.0,0,A,10.18,3:00,M,Homestead,SW 296th St & 182nd Ave,K. elegans,N,,,,,,,,,25.491968,-80.48562,K.elegans,M,6.12,3.26,9.14,12.22,L,,03.20.2020,03.25.2020,AB,25.491968,-80.48562
201,239,set020-10-18-19-A4.txt,4,A,A-4,20,0,0,0,0,0,0,1800.0,0,Petri2,10.18,3:00,F,North Key Largo,DD front,C. corindum ,N,,,,,,,Y,,25.27352007,-80.30428184,C.corindum,F,8.77,3.51,9.26,12.35,L,,03.23.2020,03.26.2020,AB,25.27352007,-80.30428184
202,108,set020-10-18-19-B1.txt,1,B,B-1,20,0,0,0.628,0,0,0,1800.0,0,A,10.18,3:00,F,Homestead,SW 296th St & 182nd Ave,K. elegans,N,,,,,,,,,25.491968,-80.48562,K.elegans,F,7.96,3.67,10.00,13.34,L,,03.20.2020,03.25.2020,AB,25.491968,-80.48562
203,276,set020-10-18-19-B2.txt,2,B,B-2,20,0.445,993.2,440.438,0,993.2,0.552,1800.0,0.524,C,10.18,3:00,M,North Key Largo,DD,C. corindum ,Y,,C,,started halfway through,,,,,25.28636983,-80.29077075,C.corindum,M,6.44,3.29,8.69,11.64,L,wings torn at end,03.23.2020,03.26.2020,AB,25.28636983,-80.29077075
208,92,set020-10-18-19-B3.txt,3,B,B-3,20,0,0,0,0,0,0,1800.0,0,A,10.18,3:00,M,Homestead,SW 296th St & 182nd Ave,K. elegans,N,,,,,,,,,25.491968,-80.48562,K.elegans,M,5.92,3.19,8.71,11.52,L,,03.20.2020,03.25.2020,AB,25.491968,-80.48562
213,103,set020-10-18-19-B4.txt,4,B,B-4,20,0.185,37.1,15.707,0,17.3,0.021,1800.0,0.314,A,10.18,3:00,M,Homestead,SW 296th St & 182nd Ave,K. elegans,Y,,B,bursts,,,,,,25.491968,-80.48562,K.elegans,M,5.86,3.12,8.64,11.82,L,,03.20.2020,03.25.2020,AB,25.491968,-80.48562
219,421,set021-10-21-19-A1.txt,1,A,A-1,21,0,0,1.257,0,0,0,1800.0,0,D,10.21,9:00,M,Gainesville,NW 10th Ave & 18th St,K. elegans,N,,,,,,,,,29.661821,-82.347211,K.elegans,M,5.79,3.37,9.34,12.55,L,,03.24.2020,03.26.2020,AB,29.661821,-82.347211
221,129,set021-10-21-19-A2.txt,2,A,A-2,21,0.286,1794.0,493.216,0,1794.0,0.997,1800.0,0.483,B,10.21,9:00,M,Homestead,SW 296th St & 182nd Ave,K. elegans,Y,,C,continuous,,,,,,25.491968,-80.48562,K.elegans,M,5.58,3.11,8.49,11.18,L,wings torn at end,03.20.2020,03.25.2020,AB,25.491968,-80.48562
228,413,set021-10-21-19-A4.txt,4,A,A-4,21,0,0,0,0,0,0,1800.0,0,D,10.21,9:00,F,Gainesville,NW 10th Ave & 18th St,K. elegans,N,,,,,,,Y,,29.661821,-82.347211,K.elegans,F,6.78,3.25,9.03,11.85,L,,03.24.2020,03.26.2020,AB,29.661821,-82.347211
229,128,set021-10-21-19-B1.txt,1,B,B-1,21,0,0,0,0,0,0,1800.0,0,B,10.21,9:00,M,Homestead,SW 296th St & 182nd Ave,K. elegans,N,,,,,,,,,25.491968,-80.48562,K.elegans,M,5.88,2.89,7.94,10.62,L,wings torn at end,03.20.2020,03.25.2020,AB,25.491968,-80.48562
232,96,set021-10-21-19-B4.txt,4,B,B-4,21,0.283,1796.3,502.64,0,1796.3,0.998,1800.0,0.393,A,10.21,9:00,M,Homestead,SW 296th St & 182nd Ave,K. elegans,Y,,C,continuous,,,,,,25.491968,-80.48562,K.elegans,M,5.69,3.10,8.70,11.60,L,,03.20.2020,03.25.2020,AB,25.491968,-80.48562
238,136,set022-10-21-19-A1.txt,1,A,A-1,22,0.178,1275.9,3.77,0,1268.0,0.709,1800.0,0.251,B,10.21,10:00,M,Homestead,SW 296th St & 182nd Ave,K. elegans,Y,,B,bursts,paint came off at 40%,,,,,25.491968,-80.48562,K.elegans,M,5.50,3.01,8.61,11.37,L,,03.20.2020,03.25.2020,AB,25.491968,-80.48562
244,152,set022-10-21-19-A3.txt,3,A,A-3,22,0.258,805.7,5.655,0,801.6,0.448,1800.0,0.331,D,10.21,10:00,M,Lake Wales,Polk,K. elegans,Y,,B,bursts,,,,,,27.903346,-81.589461,K.elegans,M,6.16,3.22,8.75,11.93,L,,03.20.2020,03.25.2020,AB,27.903346,-81.589461
249,134,set022-10-21-19-B1.txt,1,B,B-1,22,0.164,17.4,4.398,0,9.2,0.01,1800.0,0.209,B,10.21,10:00,M,Homestead,SW 296th St & 182nd Ave,K. elegans,Y,,B,bursts,,,,,,25.491968,-80.48562,K.elegans,M,5.27,3.16,8.45,11.21,L,,03.20.2020,03.25.2020,AB,25.491968,-80.48562
251,48,set023-10-21-19-A1.txt,1,A,A-1,23,0.196,26.7,6.911,0,21.3,0.015,1800.0,0.273,A,10.21,10:40,F,Key Largo,JP Grove,C. corindum ,N,,,,,,,Y,,25.12846,-80.40809,C.corindum,F,8.56,3.55,9.12,12.58,L,,03.19.2020,03.25.2020,AB,25.12846,-80.40809
253,234,set023-10-21-19-A4.txt,4,A,A-4,23,0,0,0,0,0,0,1800.0,0,E,10.21,10:40,F,North Key Largo,Carysfort Cr,C. corindum ,N,,,,,,,Y,,25.25647566,-80.31068981,C.corindum,F,8.64,3.99,9.71,13.56,L,,03.23.2020,03.26.2020,AB,25.25647566,-80.31068981
256,263,set023-10-21-19-B2.txt,2,B,B-2,23,0,0,1.257,0,0,0,1800.0,0,C,10.21,10:40,F,North Key Largo,DD,C. corindum ,N,,,,,,,Y,,25.28636983,-80.29077075,C.corindum,F,6.56,3.19,8.32,11.34,L,,03.23.2020,03.26.2020,AB,25.28636983,-80.29077075
259,408,set023-10-21-19-B4.txt,4,B,B-4,23,0.146,731.3,4.398,0,722.1,0.406,1800.0,0.19,D,10.21,10:40,M,Gainesville,NW 10th Ave & 18th St,K. elegans,N,,,,,,,,,29.661821,-82.347211,K.elegans,M,6.16,3.30,8.42,11.70,L,wings torn at end,03.24.2020,03.26.2020,AB,29.661821,-82.347211
262,54,set024-10-21-19-A1.txt,1,A,A-1,24,0.219,1496.4,5.026,0,1483.0,0.831,1800.0,0.314,B,10.21,11:20,M,Key Largo,JP Grove,C. corindum ,Y,,B,bursts,non-J.haematoloma,,,,,25.12846,-80.40809,C.corindum,M,3.60,2.37,7.13,9.19,L,,03.19.2020,03.25.2020,AB,25.12846,-80.40809
264,76,set024-10-21-19-A2.txt,2,A,A-2,24,0.152,1119.4,3.141,0,1113.3,0.622,1800.0,0.15,B,10.21,11:20,F,North Key Largo,Dagny Trellis,C. corindum ,N,,,,,,,Y,,25.1755048,-80.36782055,C.corindum,F,6.53,3.18,5.89,9.30,S,,03.20.2020,03.25.2020,AB,25.1755048,-80.36782055
265,189,set024-10-21-19-A3.txt,3,A,A-3,24,0,0,0,0,0,0,1800.0,0,E,10.21,11:20,M,North Key Largo,N. Dagny,C. corindum ,N,,,,,,,,,25.18229498,-80.36369887,C.corindum,M,5.42,2.57,4.51,7.69,S,,03.20.2020,03.25.2020,AB,25.18229498,-80.36369887
266,270,set024-10-21-19-A4.txt,4,A,A-4,24,0,0,0,0,0,0,1800.0,0,C,10.21,11:20,F,North Key Largo,DD,C. corindum ,N,,,,,,,Y,,25.28636983,-80.29077075,C.corindum,F,9.24,3.99,10.05,13.42,L,wings torn at end,03.23.2020,03.26.2020,AB,25.28636983,-80.29077075
267,286,set025-10-21-19-A1.txt,1,A,A-1,25,0.219,1724.3,165.243,0,973.0,0.958,1800.0,0.331,Petri2,10.21,12:00,M,North Key Largo,DD,C. corindum ,Y,,C,continuous,,,,,,25.28636983,-80.29077075,C.corindum,M,5.73,2.85,7.25,10.10,L,,03.24.2020,03.26.2020,AB,25.28636983,-80.29077075
269,417,set025-10-21-19-A2.txt,2,A,A-2,25,0.155,715.9,5.655,0,701.3,0.398,1800.0,0.19,D,10.21,12:00,M,Gainesville,NW 10th Ave & 18th St,K. elegans,N,,,,,,,,,29.661821,-82.347211,K.elegans,M,5.86,3.09,4.89,8.09,S,,03.24.2020,03.26.2020,AB,29.661821,-82.347211
270,154,set025-10-21-19-A4.txt,4,A,A-4,25,0,0,0,0,0,0,1800.0,0,D,10.21,12:00,F,Lake Wales,Polk,K. elegans,N,,,,,,,Y,,27.903346,-81.589461,K.elegans,F,7.72,3.54,10.05,13.24,L,,03.20.2020,03.25.2020,AB,27.903346,-81.589461
273,111,set026-10-21-19-A1.txt,1,A,A-1,26,0.184,538.9,23.247,219.5,221.5,0.299,1800.0,0.331,A,10.21,12:35,M,Homestead,SW 296th St & 182nd Ave,K. elegans,Y,,B,bursts,,,,,,25.491968,-80.48562,K.elegans,M,5.38,3.00,8.22,10.99,L,,03.20.2020,03.25.2020,AB,25.491968,-80.48562
279,91,set026-10-21-19-A2.txt,2,A,A-2,26,0.286,1648.8,121.262,0,1231.4,0.916,1800.0,0.37,Petri1,10.21,12:35,M,Homestead,SW 296th St & 182nd Ave,K. elegans,Y,,C,continuous,,,,,,25.491968,-80.48562,K.elegans,M,5.93,3.21,8.53,11.82,L,,03.20.2020,03.25.2020,AB,25.491968,-80.48562
283,404,set026-10-21-19-A3.txt,3,A,A-3,26,0.223,1087.1,9.425,0,387.4,0.604,1800.0,0.331,Petri2,10.21,12:35,F,Gainesville,NW 10th Ave & 18th St,K. elegans,Y,,B,bursts,,,,Y,,29.661821,-82.347211,K.elegans,F,7.86,3.59,9.82,13.37,L,,03.24.2020,03.26.2020,AB,29.661821,-82.347211
287,159,set027-10-21-19-A1.txt,1,A,A-1,27,0.171,22.1,5.655,0,22.1,0.012,1800.0,0.19,D,10.21,1:10,M,Lake Wales,Polk,K. elegans,N,,,,,,,,,27.903346,-81.589461,K.elegans,M,5.51,3.18,8.44,11.46,L,,03.20.2020,03.25.2020,AB,27.903346,-81.589461
290,46,set027-10-21-19-A2.txt,2,A,A-2,27,0.256,374.9,3.77,0,350.0,0.208,1800.0,0.165,A,10.21,1:10,F,Key Largo,JP Grove,C. corindum ,N,,,,,,,Y,,25.12846,-80.40809,C.corindum,F,7.93,3.74,9.31,13.21,L,wings torn at end,03.19.2020,03.25.2020,AB,25.12846,-80.40809
291,50,set027-10-21-19-A3.txt,3,A,A-3,27,0.188,0,5.026,0,0,0,1800.0,0.18,B,10.21,1:10,M,Key Largo,JP Grove,C. corindum ,Y,,B,bursts,,,,,,25.12846,-80.40809,C.corindum,M,6.25,3.37,8.67,11.84,L,,03.19.2020,03.25.2020,AB,25.12846,-80.40809
296,84,set027-10-21-19-A4.txt,4,A,A-4,27,0,0,0,0,0,0,1800.0,0,B,10.21,1:10,M,North Key Largo,Dagny 1/2 Loop,C. corindum ,Y,,B,bursts,,,,,,25.173694,-80.371532,C.corindum,M,6.62,2.99,8.62,11.57,L,,03.20.2020,03.25.2020,AB,25.173694,-80.371532
302,183,set027-10-21-19-B4.txt,4,B,B-4,27,0.225,842.1,38.326,78.1,376.5,0.468,1800.0,0.698,Petri1,10.21,1:10,M,North Key Largo,N. Dagny,C. corindum ,Y,,B,bursts,,,,,,25.18229498,-80.36369887,C.corindum,M,6.56,3.06,8.04,10.92,L,,03.20.2020,03.25.2020,AB,25.18229498,-80.36369887
306,59,set028-10-21-19-A2.txt,2,A,A-2,28,0,0,0,0,0,0,1800.0,0,B,10.21,3:25,M,Key Largo,JP Grove,C. corindum ,N,,,,,,,,,25.12846,-80.40809,C.corindum,M,6.34,3.43,8.32,11.36,L,wings torn at end,03.20.2020,03.25.2020,AB,25.12846,-80.40809
307,245,set028-10-21-19-B2.txt,2,B,B-2,28,0.244,0,2.513,0,0,0,1800.0,0.157,E,10.21,3:25,F,North Key Largo,DD front,C. corindum ,N,,,,,,,Y,,25.27352007,-80.30428184,C.corindum,F,9.07,3.67,9.91,13.69,L,,03.23.2020,03.26.2020,AB,25.27352007,-80.30428184
309,252,set028-10-21-19-B3.txt,3,B,B-3,28,0,0,0,0,0,0,1800.0,0,E,10.21,3:25,F,North Key Largo,DD -inter,C. corindum ,N,,,,,,,Y,,25.252842,-80.311826,C.corindum,F,8.40,3.46,9.33,12.94,L,,03.23.2020,03.26.2020,AB,25.252842,-80.311826
311,284,set028-10-21-19-B4.txt,4,B,B-4,28,0,0,0,0,0,0,1800.0,0,C,10.21,3:25,M,North Key Largo,DD,C. corindum ,N,,,,,,,,,25.28636983,-80.29077075,C.corindum,M,5.39,2.89,7.61,10.10,L,wings torn at end,03.24.2020,03.26.2020,AB,25.28636983,-80.29077075
312,90,set029-10-21-19-A2.txt,2,A,A-2,29,0.28,279.9,6.283,132.0,143.1,0.156,1800.0,0.524,Petri1,10.21,4:10,F,Homestead,SW 296th St & 182nd Ave,K. elegans,Y,,B,bursts,,,,,,25.491968,-80.48562,K.elegans,F,7.94,3.75,10.28,13.41,L,,03.20.2020,03.25.2020,AB,25.491968,-80.48562
316,65,set029-10-21-19-A4.txt,4,A,A-4,29,0,0,0,0,0,0,1800.0,0,B,10.21,4:10,F,Key Largo,JP Grove,C. corindum ,N,,,,,,,Y,,25.12846,-80.40809,C.corindum,F,7.33,3.23,8.13,11.92,L,wings torn at end,03.20.2020,03.25.2020,AB,25.12846,-80.40809
319,409,set029-10-21-19-B3.txt,3,B,B-3,29,0,0,0.628,0,0,0,1800.0,0,D,10.21,4:10,M,Gainesville,NW 10th Ave & 18th St,K. elegans,N,,,,,,,,,29.661821,-82.347211,K.elegans,M,5.72,3.18,8.53,11.55,L,,03.24.2020,03.26.2020,AB,29.661821,-82.347211
11,141,set003-10-15-19-A2.txt,2,A,A-2,3,0,0,0,0,0,0,1449.4,0,Petri1,10.15,12:45,F,Lake Wales,Polk,K. elegans,N,Y,,,,,,Y,,27.903346,-81.589461,K.elegans,F,7.62,3.49,9.78,13.42,L,,03.20.2020,03.25.2020,AB,27.903346,-81.589461
12,82,set003-10-15-19-A4.txt,4,A,A-4,3,0,0,0,0,0,0,1449.4,0,B,10.15,12:45,M,North Key Largo,Dagny 1/2 Loop,C. corindum ,N,,,,,,,,,25.173694,-80.371532,C.corindum,M,6.31,3.09,8.15,11.11,L,,03.20.2020,03.25.2020,AB,25.173694,-80.371532
13,402,set003-10-15-19-B1.txt,1,B,B-1,3,0,0,0,0,0,0,1504.3,0,Petri2,10.15,12:45,M,Gainesville,NW 10th Ave & 18th St,K. elegans,N,,,,,,,,,29.661821,-82.347211,K.elegans,M,5.64,3.20,8.34,11.50,L,,03.24.2020,03.26.2020,AB,29.661821,-82.347211
15,86,set003-10-15-19-B2.txt,2,B,B-2,3,0,0,0,0,0,0,1504.3,0,B,10.15,12:45,M,North Key Largo,Dagny 1/2 Loop,C. corindum ,N,,,,,,,,,25.173694,-80.371532,C.corindum,M,6.19,2.84,7.69,10.69,L,,03.20.2020,03.25.2020,AB,25.173694,-80.371532
16,58,set003-10-15-19-B3.txt,3,B,B-3,3,0,0,0.628,0,0,0,1504.3,0,B,10.15,12:45,F,Key Largo,JP Grove,C. corindum ,N,,,,,,,,,25.12846,-80.40809,C.corindum,F,9.66,3.89,9.95,13.57,L,wings torn at end,03.19.2020,03.25.2020,AB,25.12846,-80.40809
18,132,set003-10-15-19-B4.txt,4,B,B-4,3,0.231,581.2,93.617,82.0,97.5,0.386,1504.3,1.047,B,10.15,12:45,M,Homestead,SW 296th St & 182nd Ave,K. elegans,Y,,C,continuous,struggled against gravity,,,,,25.491968,-80.48562,K.elegans,M,5.75,3.32,9.04,11.98,L,,03.20.2020,03.25.2020,AB,25.491968,-80.48562
321,119,set030-10-21-19-A1.txt,1,A,A-1,30,0.157,0,1.885,0,0,0,1800.0,0.153,A,10.21,4:50,M,Homestead,SW 296th St & 182nd Ave,K. elegans,N,,,,,,,,,25.491968,-80.48562,K.elegans,M,5.57,3.04,8.33,11.11,L,,03.20.2020,03.25.2020,AB,25.491968,-80.48562
324,2,set030-10-21-19-A2.txt,2,A,A-2,30,0,0,0,0,0,0,1800.0,0,Petri1,10.21,4:50,F,Plantation Key,Founder's #2,C. corindum ,N,,,,,,,Y,,24.985185,-80.547098,C.corindum,F,8.26,3.33,6.94,10.92,S,,03.19.2020,03.25.2020,AB,24.985185,-80.547098
308,245,set031-10-23-19-A1.txt,1,A,A-1,31,0,0,0.628,0,0,0,3600.0,0,,10.23,9:00am,F,North Key Largo,DD front,C. corindum ,N,Y,,,,,N,Y,,25.27352007,-80.30428184,C.corindum,F,9.07,3.67,9.91,13.69,L,,03.23.2020,03.26.2020,AB,25.27352007,-80.30428184
84,226,set031-10-23-19-A4.txt,4,A,A-4,31,0.209,17.4,9.425,0,11.3,0.005,3600.0,0.331,,10.23,9:00am,M,North Key Largo,Carysfort Cr,C. corindum ,Y,,B,burst,,,N,,,25.25647566,-80.31068981,C.corindum,M,6.34,2.91,8.08,11.25,L,,03.23.2020,03.26.2020,AB,25.25647566,-80.31068981
214,103,set031-10-23-19-B1.txt,1,B,B-1,31,0.275,3468.7,887.16,0,1948.6,0.964,3600.0,0.524,,10.23,9:00am,M,Homestead,SW 296th St & 182nd Ave,K. elegans,Y,,C,continuous; 60+ min,,,N,,,25.491968,-80.48562,K.elegans,M,5.86,3.12,8.64,11.82,L,,03.20.2020,03.25.2020,AB,25.491968,-80.48562
233,96,set031-10-23-19-B2.txt,2,B,B-2,31,0.258,3481.6,853.231,0,3481.6,0.967,3600.0,0.393,,10.23,9:00am,M,Homestead,SW 296th St & 182nd Ave,K. elegans,Y,,C,continuous; 60+ min,,,N,,,25.491968,-80.48562,K.elegans,M,5.69,3.10,8.70,11.60,L,,03.20.2020,03.25.2020,AB,25.491968,-80.48562
178,109,set031-10-23-19-B3.txt,3,B,B-3,31,0.306,66.7,20.734,0,30.2,0.019,3600.0,0.524,,10.23,9:00am,F,Homestead,SW 296th St & 182nd Ave,K. elegans,Y,,B,burst,,,N,Y,,25.491968,-80.48562,K.elegans,F,7.98,3.66,10.23,13.60,L,,03.20.2020,03.25.2020,AB,25.491968,-80.48562
220,421,set032-10-23-19-A1.txt,1,A,A-1,32,0,0,0,0,0,0,3600.0,0,,10.23,10:00am,M,Gainesville,NW 10th Ave & 18th St,K. elegans,N,Y,,,,,N,,,29.661821,-82.347211,K.elegans,M,5.79,3.37,9.34,12.55,L,,03.24.2020,03.26.2020,AB,29.661821,-82.347211
317,65,set032-10-23-19-A2.txt,2,A,A-2,32,0,0,1.257,0,0,0,3600.0,0,,10.23,10:00am,F,Key Largo,JP Grove,C. corindum ,N,,,,,,N,Y,,25.12846,-80.40809,C.corindum,F,7.33,3.23,8.13,11.92,L,wings torn at end,03.20.2020,03.25.2020,AB,25.12846,-80.40809
124,125,set032-10-23-19-A3.txt,3,A,A-3,32,0.207,2586.6,277.08,0,1409.4,0.719,3600.0,0.393,,10.23,10:00am,M,Homestead,SW 296th St & 182nd Ave,K. elegans,Y,,C,continuous; 60+ min,,,N,,,25.491968,-80.48562,K.elegans,M,6.14,3.19,9.02,12.10,L,,03.20.2020,03.25.2020,AB,25.491968,-80.48562
14,402,set032-10-23-19-B1.txt,1,B,B-1,32,0,0,0,0,0,0,3600.0,0,P,10.23,10:00am,M,Gainesville,NW 10th Ave & 18th St,K. elegans,N,,,,,,N,,,29.661821,-82.347211,K.elegans,M,5.64,3.20,8.34,11.50,L,,03.24.2020,03.26.2020,AB,29.661821,-82.347211
325,74,set032-10-23-19-B2.txt,2,B,B-2,32,0,0,0.628,0,0,0,3600.0,0,,10.23,10:00am,F,North Key Largo,Dagny Trellis,C. corindum ,N,Y,,,,,N,Y,,25.1755048,-80.36782055,C.corindum,F,8.80,3.51,9.27,12.74,L,wings torn at end,03.20.2020,03.25.2020,AB,25.1755048,-80.36782055
183,235,set032-10-23-19-B3.txt,3,B,B-3,32,0.329,3507.1,990.829,266.8,2450.5,0.974,3600.0,0.524,,10.23,10:00am,F,North Key Largo,Carysfort Cr,C. corindum ,Y,,C,continuous; 60+ min,,,N,Y,,25.25647566,-80.31068981,C.corindum,F,9.09,3.66,9.75,13.43,L,,03.23.2020,03.26.2020,AB,25.25647566,-80.31068981
23,262,set033-10-23-19-A2.txt,2,A,A-2,33,0.29,2938.0,18.849,214.7,2635.9,0.816,3600.0,0.628,,10.23,1:00pm,M,North Key Largo,DD,C. corindum ,Y,,B,bursts,,,N,,,25.28636983,-80.29077075,C.corindum,M,6.28,3.11,8.59,11.75,L,,03.23.2020,03.26.2020,AB,25.28636983,-80.29077075
239,136,set033-10-23-19-A3.txt,3,A,A-3,33,0.332,1285.3,422.218,0,1285.3,0.357,3600.0,0.698,,10.23,1:00pm,M,Homestead,SW 296th St & 182nd Ave,K. elegans,Y,,C,continuous; 60+ min,started at 35 min,,N,,,25.491968,-80.48562,K.elegans,M,5.50,3.01,8.61,11.37,L,,03.20.2020,03.25.2020,AB,25.491968,-80.48562
52,254,set033-10-23-19-B2.txt,2,B,B-2,33,0,0,1.257,0,0,0,3600.0,0,,10.23,1:00pm,M,North Key Largo,DD,C. corindum ,N,,,,,,N,,,25.28636983,-80.29077075,C.corindum,M,6.03,3.08,7.77,10.65,L,wings torn at end,03.23.2020,03.26.2020,AB,25.28636983,-80.29077075
326,153,set034-10-23-19-A1.txt,1,A,A-1,34,0,0,0,0,0,0,3600.0,0,,10.23,2:15pm,F,Lake Wales,Polk,K. elegans,N,,,,,,N,Y,,27.903346,-81.589461,K.elegans,F,7.30,3.70,10.42,13.97,L,wings torn at end,03.20.2020,03.25.2020,AB,27.903346,-81.589461
147,95,set034-10-23-19-A2.txt,2,A,A-2,34,0.484,2997.0,1424.356,0,2997.0,0.833,3600.0,0.628,,10.23,2:15pm,F,Homestead,SW 296th St & 182nd Ave,K. elegans,Y,,C,continuous; 60+ min,,,N,Y,,25.491968,-80.48562,K.elegans,F,8.37,3.80,10.22,14.17,L,,03.20.2020,03.25.2020,AB,25.491968,-80.48562
268,286,set034-10-23-19-A4.txt,4,A,A-4,34,0.261,3570.3,894.699,209.9,3360.4,0.992,3600.0,0.314,P,10.23,2:15pm,M,North Key Largo,DD,C. corindum ,Y,,C,continuous; 60+ min,,,N,,,25.28636983,-80.29077075,C.corindum,M,5.73,2.85,7.25,10.10,L,,03.24.2020,03.26.2020,AB,25.28636983,-80.29077075
327,280,set034-10-23-19-B2.txt,2,B,B-2,34,0,0,0.628,0,0,0,3600.0,0,,10.23,2:15pm,M,North Key Largo,DD,C. corindum ,N,,,,,,N,,,25.28636983,-80.29077075,C.corindum,M,6.49,3.29,8.87,12.41,L,,03.24.2020,03.26.2020,AB,25.28636983,-80.29077075
292,50,set034-10-23-19-B3.txt,3,B,B-3,34,0.29,1118.8,21.362,0,392.4,0.311,3600.0,0.524,,10.23,2:15pm,M,Key Largo,JP Grove,C. corindum ,Y,,B,bursts,,,N,,,25.12846,-80.40809,C.corindum,M,6.25,3.37,8.67,11.84,L,,03.19.2020,03.25.2020,AB,25.12846,-80.40809
78,279,set034-10-23-19-B4.txt,4,B,B-4,34,0.359,3595.1,1270.423,0,3595.1,0.999,3600.0,0.483,,10.23,2:15pm,M,North Key Largo,DD,C. corindum ,Y,,C,continuous; 60+ min,,,N,,,25.28636983,-80.29077075,C.corindum,M,6.17,3.24,8.40,11.61,L,,03.23.2020,03.26.2020,AB,25.28636983,-80.29077075
17,58,set035-10-23-19-B1.txt,1,B,B-1,35,0,0,0,0,0,0,3600.0,0,,10.23,3:25pm,F,Key Largo,JP Grove,C. corindum ,,Y,,,,,N,,,25.12846,-80.40809,C.corindum,F,9.66,3.89,9.95,13.57,L,wings torn at end,03.19.2020,03.25.2020,AB,25.12846,-80.40809
280,91,set035-10-23-19-B2.txt,2,B,B-2,35,0.28,3595.5,989.572,0,3595.5,0.999,3600.0,0.419,P,10.23,3:25pm,M,Homestead,SW 296th St & 182nd Ave,K. elegans,Y,Y,C,continuous; 60+ min,,,N,,,25.491968,-80.48562,K.elegans,M,5.93,3.21,8.53,11.82,L,,03.20.2020,03.25.2020,AB,25.491968,-80.48562
204,276,set035-10-23-19-B3.txt,3,B,B-3,35,0.445,3574.6,1580.803,0,3574.6,0.993,3600.0,0.571,,10.23,3:25pm,M,North Key Largo,DD,C. corindum ,Y,,C,continuous; 60+ min,,,N,,,25.28636983,-80.29077075,C.corindum,M,6.44,3.29,8.69,11.64,L,wings torn at end,03.23.2020,03.26.2020,AB,25.28636983,-80.29077075
329,118,set035-10-23-19-B4.txt,4,B,B-4,35,0.346,407.3,3.141,0,403.6,0.113,3600.0,0.483,,10.23,3:25pm,F,Homestead,SW 296th St & 182nd Ave,K. elegans,N,,,,trial ended at 30 min because paint fell off,,N,,,25.491968,-80.48562,K.elegans,M,5.74,3.15,8.74,11.78,L,,03.20.2020,03.25.2020,AB,25.491968,-80.48562
288,159,set036-10-24-19-B1.txt,1,B,B-1,36,0,0,0,0,0,0,3600.0,0,,10.24,9:00am,M,Lake Wales,Polk,K. elegans,N,,,,,,N,,,27.903346,-81.589461,K.elegans,M,5.51,3.18,8.44,11.46,L,,03.20.2020,03.25.2020,AB,27.903346,-81.589461
135,67,set036-10-24-19-B2.txt,2,B,B-2,36,0.432,1241.0,20.734,0,807.5,0.345,3600.0,1.257,P,10.24,9:00am,M,North Key Largo,Dagny Trellis,C. corindum ,Y,,B,bursts,,,N,,,25.1755048,-80.36782055,C.corindum,M,6.23,2.94,7.76,10.94,L,,03.20.2020,03.25.2020,AB,25.1755048,-80.36782055
303,183,set036-10-24-19-B4.txt,4,B,B-4,36,0.276,3223.2,855.116,72.8,3046.7,0.895,3600.0,0.483,P,10.24,9:00am,M,North Key Largo,N. Dagny,C. corindum ,Y,,C,continuous; 60+ min,,,N,,,25.18229498,-80.36369887,C.corindum,M,6.56,3.06,8.04,10.92,L,,03.20.2020,03.25.2020,AB,25.18229498,-80.36369887
194,49,set037-10-24-19-A1.txt,1,A,A-1,37,0.424,3597.4,1454.515,0,3597.4,0.999,3600.0,0.698,,10.24,10:10am,M,Key Largo,JP Grove,C. corindum ,Y,Y,C,continuous; 60+ min,,,N,,,25.12846,-80.40809,C.corindum,M,6.58,3.33,9.56,12.32,L,,03.19.2020,03.25.2020,AB,25.12846,-80.40809
331,107,set037-10-24-19-A3.txt,3,A,A-3,37,0,0,0,0,0,0,3600.0,0,,10.24,10:10am,F,Homestead,SW 296th St & 182nd Ave,K. elegans,N,,,,,,N,Y,,25.491968,-80.48562,K.elegans,F,8.33,3.74,9.30,12.73,L,,03.20.2020,03.25.2020,AB,25.491968,-80.48562
284,404,set037-10-24-19-B3.txt,3,B,B-3,37,0.377,2412.0,423.474,0,1274.8,0.67,3600.0,0.524,P,10.24,10:10am,F,Gainesville,NW 10th Ave & 18th St,K. elegans,Y,,BC,bursts to continuous; 60+ min,,,N,Y,,29.661821,-82.347211,K.elegans,F,7.86,3.59,9.82,13.37,L,,03.24.2020,03.26.2020,AB,29.661821,-82.347211
113,116,set037-10-24-19-B4.txt,4,B,B-4,37,0.299,3541.8,1019.103,0,3541.8,0.984,3600.0,0.483,,10.24,10:10am,F,Homestead,SW 296th St & 182nd Ave,K. elegans,Y,,BC,bursts to continuous; 60+ min,,,N,,,25.491968,-80.48562,K.elegans,M,6.08,3.05,8.29,11.20,L,,03.20.2020,03.25.2020,AB,25.491968,-80.48562
81,149,set038-10-24-19-B2.txt,2,B,B-2,38,0.352,2790.2,35.813,0,1203.0,0.388,7200.0,0.483,,10.24,11:20am,F,Lake Wales,Polk,K. elegans,N,,,,,,N,Y,,27.903346,-81.589461,K.elegans,F,8.18,3.73,10.05,13.89,L,wings torn at end,03.20.2020,03.25.2020,AB,27.903346,-81.589461
61,253,set038-10-24-19-B3.txt,3,B,B-3,38,0.571,0,1.885,0,0,0,7200.0,0,,10.24,11:20am,F,North Key Largo,DD,C. corindum ,N,,,,,,N,Y,,25.28636983,-80.29077075,C.corindum,F,8.50,3.75,9.46,12.32,L,,03.23.2020,03.26.2020,AB,25.28636983,-80.29077075
250,134,set038-10-24-19-B4.txt,4,B,B-4,38,0.348,2560.1,742.651,0,2187.5,0.356,7200.0,0.449,,10.24,11:20am,M,Homestead,SW 296th St & 182nd Ave,K. elegans,Y,,CB,continuous to bursts,,,N,,,25.491968,-80.48562,K.elegans,M,5.27,3.16,8.45,11.21,L,,03.20.2020,03.25.2020,AB,25.491968,-80.48562
196,123,set039-10-24-19-A3.txt,3,A,A-3,39,0.217,23.4,6.911,0,20.7,0.007,3600.0,0.286,,10.24,12:35pm,M,Homestead,SW 296th St & 182nd Ave,K. elegans,Y,,B,bursts,,,N,,,25.491968,-80.48562,K.elegans,M,6.12,3.26,9.14,12.22,L,,03.20.2020,03.25.2020,AB,25.491968,-80.48562
333,282,set039-10-24-19-A4.txt,4,A,A-4,39,0,0,0,0,0,0,3600.0,0,,10.24,12:35pm,M,North Key Largo,DD,C. corindum ,N,Y,,,,,N,,,25.28636983,-80.29077075,C.corindum,M,6.84,3.32,8.23,11.38,L,wings torn at end,03.24.2020,03.26.2020,AB,25.28636983,-80.29077075
108,68,set039-10-24-19-B3.txt,3,B,B-3,39,0.228,2051.4,187.862,0,792.9,0.57,3600.0,0.483,P,10.24,12:35pm,M,North Key Largo,Dagny Trellis,C. corindum ,Y,,BC,bursts to continuous; 60+ min,,,N,Y,,25.1755048,-80.36782055,C.corindum,F,8.26,3.77,10.11,13.74,L,,03.20.2020,03.25.2020,AB,25.1755048,-80.36782055
132,69,set039-10-24-19-B4.txt,4,B,B-4,39,0.393,0,1.885,0,0,0,3600.0,0.262,P,10.24,12:35pm,F,North Key Largo,Dagny Trellis,C. corindum ,N,,,,,,N,Y,,25.1755048,-80.36782055,C.corindum,F,8.74,3.43,8.99,12.55,L,,03.20.2020,03.25.2020,AB,25.1755048,-80.36782055
22,262,set004-10-15-19-A1.txt,1,A,A-1,4,0.319,1326.7,16.336,70.6,1205.5,0.737,1800.0,0.785,C,10.15,1:30,M,North Key Largo,DD,C. corindum ,Y,,B,,,,,,,25.28636983,-80.29077075,C.corindum,M,6.28,3.11,8.59,11.75,L,,03.23.2020,03.26.2020,AB,25.28636983,-80.29077075
27,105,set004-10-15-19-A2.txt,2,A,A-2,4,0,0,0,0,0,0,1800.0,0,A,10:15,1:30,F,Homestead,SW 296th St & 182nd Ave,K. elegans,N,,,,,,,Y,,25.491968,-80.48562,K.elegans,F,8.02,3.69,9.86,13.57,L,,03.20.2020,03.25.2020,AB,25.491968,-80.48562
30,237,set004-10-15-19-A3.txt,3,A,A-3,4,0,0,0,0,0,0,1800.0,0,Petri2,10:15,1:30,F,North Key Largo,Carysfort Cr,C. corindum ,N,,,,,,,,,25.25647566,-80.31068981,C.corindum,F,7.79,3.37,8.52,12.15,L,,03.23.2020,03.26.2020,AB,25.25647566,-80.31068981
173,81,set040-10-24-19-A1.txt,1,A,A-1,40,0.11,0,1.885,0,0,0,3600.0,0.119,,10.24,1:40pm,M,North Key Largo,Dagny 1/2 Loop,C. corindum ,N,,,,,0.042,N,,,25.173694,-80.371532,C.corindum,M,6.60,2.89,7.98,11.27,L,,03.20.2020,03.25.2020,AB,25.173694,-80.371532
257,263,set040-10-24-19-A2.txt,2,A,A-2,40,0.273,0,1.885,0,0,0,3600.0,0,,10.24,1:40pm,F,North Key Largo,DD,C. corindum ,N,,,,,0.093,N,Y,,25.28636983,-80.29077075,C.corindum,F,6.56,3.19,8.32,11.34,L,,03.23.2020,03.26.2020,AB,25.28636983,-80.29077075
119,229,set040-10-24-19-A3.txt,3,A,A-3,40,0.335,1662.0,4.398,0,1238.4,0.462,3600.0,0.393,,10.24,1:40pm,F,North Key Largo,Carysfort Cr,C. corindum ,N,,,,,0.061,N,Y,,25.25647566,-80.31068981,C.corindum,F,7.66,3.16,8.36,11.67,L,,03.23.2020,03.26.2020,AB,25.25647566,-80.31068981
209,92,set040-10-24-19-A4.txt,4,A,A-4,40,0,0,0,0,0,0,3600.0,0,,10.24,1:40pm,M,Homestead,SW 296th St & 182nd Ave,K. elegans,Y,,B,bursts,,0.046,N,,,25.491968,-80.48562,K.elegans,M,5.92,3.19,8.71,11.52,L,,03.20.2020,03.25.2020,AB,25.491968,-80.48562
252,48,set041-10-25-19-A1.txt,1,A,A-1,41,0,0,0,0,0,0,3600.0,0,,10.25,9:25am,F,Key Largo,JP Grove,C. corindum ,N,,,,,0.102,N,Y,,25.12846,-80.40809,C.corindum,F,8.56,3.55,9.12,12.58,L,,03.19.2020,03.25.2020,AB,25.12846,-80.40809
222,129,set041-10-25-19-A3.txt,3,A,A-3,41,0.302,1493.1,95.502,0,433.5,0.415,3600.0,0.449,,10.25,9:25am,M,Homestead,SW 296th St & 182nd Ave,K. elegans,Y,,B,bursts,,0.051,N,,,25.491968,-80.48562,K.elegans,M,5.58,3.11,8.49,11.18,L,wings torn at end,03.20.2020,03.25.2020,AB,25.491968,-80.48562
33,99,set041-10-25-19-A4.txt,4,A,A-4,41,0.313,2704.8,10.053,0,2692.7,0.751,3600.0,0.393,P,10.25,9:25am,M,Homestead,SW 296th St & 182nd Ave,K. elegans,Y,,B,bursts,,0.043,N,,,25.491968,-80.48562,K.elegans,M,5.95,3.03,8.89,11.69,L,,03.20.2020,03.25.2020,AB,25.491968,-80.48562
63,223,set041-10-25-19-B1.txt,1,B,B-1,41,0.202,7.5,1.885,0,7.5,0.002,3600.0,0.262,,10.25,9:25am,F,North Key Largo,Carysfort Cr,C. corindum ,N,,,,,0.07,N,,,25.25647566,-80.31068981,C.corindum,F,8.57,3.59,8.91,12.73,L,,03.23.2020,03.26.2020,AB,25.25647566,-80.31068981
334,410,set041-10-25-19-B2.txt,2,B,B-2,41,0,0,0,0,0,0,3600.0,0,,10.25,9:25am,F,Gainesville,NW 10th Ave & 18th St,K. elegans,N,,,,,0.071,N,Y,,29.661821,-82.347211,K.elegans,F,7.96,3.51,9.45,13.02,L,wings torn at end,03.24.2020,03.26.2020,AB,29.661821,-82.347211
143,416,set041-10-25-19-B3.txt,3,B,B-3,41,0.483,3535.4,1639.863,0,3166.9,0.982,3600.0,0.698,,10.25,9:25am,F,Gainesville,NW 10th Ave & 18th St,K. elegans,Y,,C,continuous; 60+ min,,0.064,N,Y,,29.661821,-82.347211,K.elegans,F,7.86,3.63,9.89,13.68,L,wings torn at end,03.24.2020,03.26.2020,AB,29.661821,-82.347211
336,114,set041-10-25-19-B4.txt,4,B,B-4,41,0,0,0,0,0,0,3600.0,0,,10.25,9:25am,M,Homestead,SW 296th St & 182nd Ave,K. elegans,N,,,,,0.045,N,,,25.491968,-80.48562,K.elegans,M,6.00,3.23,9.32,12.26,L,,03.20.2020,03.25.2020,AB,25.491968,-80.48562
39,255,set042-10-25-19-A1.txt,1,A,A-1,42,0,0,0,0,0,0,3599.1,0,,10.25,10:40am,M,North Key Largo,DD,C. corindum ,N,,,,,0.029,N,,,25.28636983,-80.29077075,C.corindum,M,6.23,3.10,8.29,11.01,L,,03.23.2020,03.26.2020,AB,25.28636983,-80.29077075
297,84,set042-10-25-19-A4.txt,4,A,A-4,42,0.312,4.7,1.885,0,4.7,0.001,3599.1,0.37,,10.25,10:40am,M,North Key Largo,Dagny 1/2 Loop,C. corindum ,Y,,B,bursts,,0.043,N,,,25.173694,-80.371532,C.corindum,M,6.62,2.99,8.62,11.57,L,,03.20.2020,03.25.2020,AB,25.173694,-80.371532
157,126,set043-10-25-19-B2.txt,2,B,B-2,43,0.355,3474.0,1198.796,0,3445.8,0.965,3600.0,0.524,,10.25,12:40pm,M,Homestead,SW 296th St & 182nd Ave,K. elegans,Y,,C,continuous; 60+ min,,0.049,N,,,25.491968,-80.48562,K.elegans,M,5.88,3.39,9.00,12.18,L,,03.20.2020,03.25.2020,AB,25.491968,-80.48562
338,397,set043-10-25-19-B3.txt,3,B,B-3,43,0,0,0,0,0,0,3600.0,0,,10.25,12:40pm,F,Gainesville,NW 10th Ave & 18th St,K. elegans,N,,,,,0.129,N,Y,,29.661821,-82.347211,K.elegans,F,7.81,3.58,9.57,13.13,L,,03.24.2020,03.26.2020,AB,29.661821,-82.347211
128,120,set043-10-25-19-B4.txt,4,B,B-4,43,0.294,1274.2,208.596,62.6,517.0,0.354,3600.0,1.047,,10.25,12:40pm,M,Homestead,SW 296th St & 182nd Ave,K. elegans,Y,,B,bursts,,0.043,N,,,25.491968,-80.48562,K.elegans,M,5.70,3.23,8.54,11.59,L,,03.20.2020,03.25.2020,AB,25.491968,-80.48562
68,139,set044-10-25-19-A2.txt,2,A,A-2,44,0,0,0.628,0,0,0,3600.0,0,P,10.25,1:50pm,F,Lake Wales,Polk,K. elegans,N,,,,,0.118,N,Y,,27.903346,-81.589461,K.elegans,F,6.97,3.45,9.61,12.86,L,,03.20.2020,03.25.2020,AB,27.903346,-81.589461
31,237,set044-10-25-19-A3.txt,3,A,A-3,44,0,0,0,0,0,0,3600.0,0,,10.25,1:50pm,F,North Key Largo,Carysfort Cr,C. corindum ,N,,,,,0.04,N,,,25.25647566,-80.31068981,C.corindum,F,7.79,3.37,8.52,12.15,L,,03.23.2020,03.26.2020,AB,25.25647566,-80.31068981
47,113,set044-10-25-19-A4.txt,4,A,A-4,44,0.339,3544.4,1191.885,0,3544.4,0.985,3600.0,0.449,,10.25,1:50pm,M,Homestead,SW 296th St & 182nd Ave,K. elegans,Y,,C,continuous; 60+ min,,0.035,N,,,25.491968,-80.48562,K.elegans,M,5.88,3.15,8.60,11.69,L,,03.20.2020,03.25.2020,AB,25.491968,-80.48562
263,54,set044-10-25-19-B2.txt,2,B,B-2,44,0.189,20.3,3.77,0,20.3,0.006,3600.0,0.393,,10.25,1:50pm,M,Key Largo,JP Grove,C. corindum ,Y,,B,bursts,,0.017,N,,,25.12846,-80.40809,C.corindum,M,3.60,2.37,7.13,9.19,L,,03.19.2020,03.25.2020,AB,25.12846,-80.40809
2,259,set044-10-25-19-B3.txt,3,B,B-3,44,0,0,0,0,0,0,3600.0,0,,10.25,1:50pm,M,North Key Largo,DD,C. corindum ,N,,,,,0.035,N,,,25.28636983,-80.29077075,C.corindum,M,6.16,3.10,8.34,11.57,L,,03.23.2020,03.26.2020,AB,25.28636983,-80.29077075
340,135,set044-10-25-19-B4.txt,4,B,B-4,44,0,0,0,0,0,0,3600.0,0,,10.25,1:50pm,F,Homestead,SW 296th St & 182nd Ave,K. elegans,N,,,,,0.083,N,Y,,25.491968,-80.48562,K.elegans,F,7.61,3.46,9.41,12.90,L,,03.20.2020,03.25.2020,AB,25.491968,-80.48562
121,275,set046-10-28-19-A1.txt,1,A,A-1,46,0,0,0,0,0,0,3600.0,0,,10.28,9:10am,F,North Key Largo,DD,C. corindum ,N,,,,,0.086,N,Y,,25.28636983,-80.29077075,C.corindum,F,9.35,3.78,10.19,14.01,L,,03.23.2020,03.26.2020,AB,25.28636983,-80.29077075
91,101,set046-10-28-19-A3.txt,3,A,A-3,46,0.243,3596.1,839.409,0,3596.1,0.999,3600.0,0.393,,10.28,9:10am,M,Homestead,SW 296th St & 182nd Ave,K. elegans,Y,,C,continuous; 60+ min,,0.045,N,,,25.491968,-80.48562,K.elegans,M,5.84,3.15,8.74,11.55,L,,03.20.2020,03.25.2020,AB,25.491968,-80.48562
98,258,set046-10-28-19-A4.txt,4,A,A-4,46,0,0,0,0,0,0,3600.0,0,P,10.28,9:10am,M,North Key Largo,DD,C. corindum ,N,,,,,0.048,N,,,25.28636983,-80.29077075,C.corindum,M,6.60,3.23,8.34,11.71,L,,03.23.2020,03.26.2020,AB,25.28636983,-80.29077075
28,105,set046-10-28-19-B1.txt,1,B,B-1,46,0,0,0,0,0,0,3599.3,0,,10.28,9:10am,F,Homestead,SW 296th St & 182nd Ave,K. elegans,N,,,,,0.102,N,Y,,25.491968,-80.48562,K.elegans,F,8.02,3.69,9.86,13.57,L,,03.20.2020,03.25.2020,AB,25.491968,-80.48562
254,234,set046-10-28-19-B3.txt,3,B,B-3,46,0,0,0,0,0,0,3599.3,0,,10.28,9:10am,F,North Key Largo,Carysfort Cr,C. corindum ,N,,,,,0.121,N,Y,,25.25647566,-80.31068981,C.corindum,F,8.64,3.99,9.71,13.56,L,,03.23.2020,03.26.2020,AB,25.25647566,-80.31068981
42,261,set047-10-28-19-A1.txt,1,A,A-1,47,0.438,3598.3,1552.529,0,3598.3,1.0,3600.0,0.571,,10.28,10:20am,M,North Key Largo,DD,C. corindum ,Y,,C,continuous; 60+ min,,0.046,N,,,25.28636983,-80.29077075,C.corindum,M,5.81,3.18,7.82,10.83,L,wings torn at end,03.23.2020,03.26.2020,AB,25.28636983,-80.29077075
271,154,set047-10-28-19-A2.txt,2,A,A-2,47,0,0,0.628,0,0,0,3600.0,0,,10.28,10:20am,F,Lake Wales,Polk,K. elegans,N,,,,,0.067,N,Y,,27.903346,-81.589461,K.elegans,F,7.72,3.54,10.05,13.24,L,,03.20.2020,03.25.2020,AB,27.903346,-81.589461
342,399,set047-10-28-19-A4.txt,4,A,A-4,47,0,0,0,0,0,0,3600.0,0,,10.28,10:20am,F,Gainesville,NW 10th Ave & 18th St,K. elegans,N,,,,,0.046,N,,,29.661821,-82.347211,K.elegans,M,6.54,3.36,8.93,12.33,L,,03.24.2020,03.26.2020,AB,29.661821,-82.347211
151,102,set047-10-28-19-B3.txt,3,B,B-3,47,0,0,0,0,0,0,3599.6,0,,10.28,10:20am,F,Homestead,SW 296th St & 182nd Ave,K. elegans,N,,,,,0.138,N,Y,,25.491968,-80.48562,K.elegans,F,8.54,3.59,9.63,13.36,L,,03.20.2020,03.25.2020,AB,25.491968,-80.48562
164,288,set047-10-28-19-B4.txt,4,B,B-4,47,0.246,3594.7,862.028,0,3594.7,0.999,3599.6,0.37,P,10.28,10:20am,M,North Key Largo,DD,C. corindum ,Y,,C,continuous; 60+ min,,0.043,N,,,25.28636983,-80.29077075,C.corindum,M,5.94,3.07,7.99,10.94,L,,03.24.2020,03.26.2020,AB,25.28636983,-80.29077075
230,128,set048-10-28-19-B1.txt,1,B,B-1,48,0,0,0.628,0,0,0,3600.0,0,,10.28,11:30am,M,Homestead,SW 296th St & 182nd Ave,K. elegans,N,,,,,0.042,N,,,25.491968,-80.48562,K.elegans,M,5.88,2.89,7.94,10.62,L,wings torn at end,03.20.2020,03.25.2020,AB,25.491968,-80.48562
189,73,set048-10-28-19-B2.txt,2,B,B-2,48,0,0,0.628,0,0,0,3600.0,0,,10.28,11:30am,M,North Key Largo,Dagny Trellis,C. corindum ,N ,,,,,0.045,N,,,25.1755048,-80.36782055,C.corindum,M,5.92,3.07,8.41,11.38,L,,03.20.2020,03.25.2020,AB,25.1755048,-80.36782055
322,119,set048-10-28-19-B3.txt,3,B,B-3,48,0,0,0,0,0,0,3600.0,0,,10.28,11:30am,M,Homestead,SW 296th St & 182nd Ave,K. elegans,N,,,,,0.039,N,,,25.491968,-80.48562,K.elegans,M,5.57,3.04,8.33,11.11,L,,03.20.2020,03.25.2020,AB,25.491968,-80.48562
343,278,set049-10-28-19-A1.txt,1,A,A-1,49,0,0,0,0,0,0,3600.0,0,,10.28,2:20pm,M,North Key Largo,DD,C. corindum ,N,,,,,0.037,N,,,25.28636983,-80.29077075,C.corindum,M,5.69,2.88,7.83,10.83,L,,03.23.2020,03.26.2020,AB,25.28636983,-80.29077075
101,264,set049-10-28-19-A2.txt,2,A,A-2,49,0,0,0,0,0,0,3600.0,0,,10.28,2:20pm,M,North Key Largo,DD,C. corindum ,N,,,,,0.044,N,,,25.28636983,-80.29077075,C.corindum,M,5.95,3.05,8.21,11.33,L,,03.23.2020,03.26.2020,AB,25.28636983,-80.29077075
345,124,set049-10-28-19-A3.txt,3,A,A-3,49,0.327,517.0,4.398,0,515.2,0.144,3600.0,0.349,,10.28,2:20pm,M,Homestead,SW 296th St & 182nd Ave,K. elegans,Y,,B,bursts,,0.049,N,,,25.491968,-80.48562,K.elegans,M,6.06,3.29,8.80,12.10,L,,03.20.2020,03.25.2020,AB,25.491968,-80.48562
260,408,set049-10-28-19-B2.txt,2,B,B-2,49,0,0,0,0,0,0,3600.0,0,,10.28,2:20pm,M,Gainesville,NW 10th Ave & 18th St,K. elegans,N,,,,,0.045,N,,,29.661821,-82.347211,K.elegans,M,6.16,3.30,8.42,11.70,L,wings torn at end,03.24.2020,03.26.2020,AB,29.661821,-82.347211
154,249,set049-10-28-19-B3.txt,3,B,B-3,49,0,0,0,0,0,0,3600.0,0,,10.28,2:20pm,F,North Key Largo,DD -inter,C. corindum ,N,,,,,0.053,N,Y,,25.252842,-80.311826,C.corindum,F,8.22,3.50,8.73,12.27,L,,03.23.2020,03.26.2020,AB,25.252842,-80.311826
19,132,set049-10-28-19-B4.txt,4,B,B-4,49,0,0,0.628,0,0,0,3600.0,0,,10.28,2:20pm,M,Homestead,SW 296th St & 182nd Ave,K. elegans,N,,,,,0.049,N,,,25.491968,-80.48562,K.elegans,M,5.75,3.32,9.04,11.98,L,,03.20.2020,03.25.2020,AB,25.491968,-80.48562
32,99,set005-10-16-19-A1.txt,1,A,A-1,5,0.417,548.8,219.905,0,548.8,0.305,1800.0,0.524,Petri1,10.16,10:20,M,Homestead,SW 296th St & 182nd Ave,K. elegans,Y,,C,continuous,,,,,,25.491968,-80.48562,K.elegans,M,5.95,3.03,8.89,11.69,L,,03.20.2020,03.25.2020,AB,25.491968,-80.48562
36,238,set005-10-16-19-A4.txt,4,A,A-4,5,0.126,577.6,4.398,0,571.6,0.321,1800.0,0.15,Petri2,10.16,10:20,F,North Key Largo,Carysfort Cr,C. corindum ,N,,,,,,,Y,,25.25647566,-80.31068981,C.corindum,F,8.26,3.48,9.41,13.56,L,wings torn at end,03.23.2020,03.26.2020,AB,25.25647566,-80.31068981
38,255,set005-10-16-19-B2.txt,2,B,B-2,5,0,0,0.628,0,0,0,1800.0,0,E,10.16,10:20,M,North Key Largo,DD,C. corindum ,N,,,,,,,,,25.28636983,-80.29077075,C.corindum,M,6.23,3.10,8.29,11.01,L,,03.23.2020,03.26.2020,AB,25.28636983,-80.29077075
40,110,set005-10-16-19-B3.txt,3,B,B-3,5,0,0,0,0,0,0,1800.0,0,A,10.16,10:20,F,Homestead,SW 296th St & 182nd Ave,K. elegans,N,Y,,,,,,,,25.491968,-80.48562,K.elegans,F,6.29,2.62,4.78,8.52,S,,03.20.2020,03.25.2020,AB,25.491968,-80.48562
7,89,set051-10-29-19-A2.txt,2,A,A-2,51,0.331,3597.1,1174.293,0,3597.1,0.999,3600.0,0.483,P,10.29,9:00am,M,Homestead,SW 296th St & 182nd Ave,K. elegans,Y,,C,continuous; 60+ min,,0.052,N,,,25.491968,-80.48562,K.elegans,M,6.20,3.31,8.85,12.20,L,,03.20.2020,03.25.2020,AB,25.491968,-80.48562
55,257,set051-10-29-19-B1.txt,1,B,B-1,51,0.249,2075.1,27.645,0,1044.1,0.576,3600.0,0.449,P,10.29,9:00am,M,North Key Largo,DD,C. corindum ,Y,,B,bursts to continuous; continuous to bursts,,0.033,N,,,25.28636983,-80.29077075,C.corindum,M,5.56,2.67,7.25,10.31,L,wings torn at end,03.23.2020,03.26.2020,AB,25.28636983,-80.29077075
274,111,set051-10-29-19-B3.txt,3,B,B-3,51,0.359,3502.7,1217.645,0,3502.7,0.973,3600.0,0.524,,10.29,9:00am,M,Homestead,SW 296th St & 182nd Ave,K. elegans,Y,,C,continuous; 60+ min,,0.039,N,,,25.491968,-80.48562,K.elegans,M,5.38,3.00,8.22,10.99,L,,03.20.2020,03.25.2020,AB,25.491968,-80.48562
64,223,set053-10-30-19-A4.txt,4,A,A-4,53,0,0,0,0,0,0,5400.0,0,,10.3,9:30am,F,North Key Largo,Carysfort Cr,C. corindum ,N,,,,,0.058,,,,25.25647566,-80.31068981,C.corindum,F,8.57,3.59,8.91,12.73,L,,03.23.2020,03.26.2020,AB,25.25647566,-80.31068981
148,95,set053-10-30-19-B3.txt,3,B,B-3,53,0.412,1527.3,55.919,89.4,702.0,0.283,5400.0,0.628,,10.3,9:30am,F,Homestead,SW 296th St & 182nd Ave,K. elegans,Y,,B,bursts to continuous to bursts,,0.101,,Y,,25.491968,-80.48562,K.elegans,F,8.37,3.80,10.22,14.17,L,,03.20.2020,03.25.2020,AB,25.491968,-80.48562
136,67,set054-10-30-19-B1.txt,1,B,B-1,54,0.287,19.2,5.026,0,19.2,0.004,5400.0,0.628,P,10.3,11:15am,M,North Key Largo,Dagny Trellis,C. corindum ,Y,,B,bursts,,0.041,,,,25.1755048,-80.36782055,C.corindum,M,6.23,2.94,7.76,10.94,L,,03.20.2020,03.25.2020,AB,25.1755048,-80.36782055
298,84,set054-10-30-19-B2.txt,2,B,B-2,54,0.293,210.0,59.06,0,42.6,0.039,5400.0,0.449,,10.3,11:15am,M,North Key Largo,Dagny 1/2 Loop,C. corindum ,Y,,B,bursts,,0.046,,,,25.173694,-80.371532,C.corindum,M,6.62,2.99,8.62,11.57,L,,03.20.2020,03.25.2020,AB,25.173694,-80.371532
144,416,set054-10-30-19-B3.txt,3,B,B-3,54,0.262,2074.2,7.54,0,1438.4,0.384,5400.0,0.449,,10.3,11:15am,F,Gainesville,NW 10th Ave & 18th St,K. elegans,Y,,B,bursts,,0.074,,Y,,29.661821,-82.347211,K.elegans,F,7.86,3.63,9.89,13.68,L,wings torn at end,03.24.2020,03.26.2020,AB,29.661821,-82.347211
255,234,set055-10-30-19-A1.txt,1,A,A-1,55,0,0,0,0,0,0,5398.6,0,,10.3,1:50pm,F,North Key Largo,Carysfort Cr,C. corindum ,N,,,,,0.103,,Y,,25.25647566,-80.31068981,C.corindum,F,8.64,3.99,9.71,13.56,L,,03.23.2020,03.26.2020,AB,25.25647566,-80.31068981
240,136,set055-10-30-19-A2.txt,2,A,A-2,55,0,0,0,0,0,0,5398.6,0,,10.3,1:50pm,M,Homestead,SW 296th St & 182nd Ave,K. elegans,N,,,,,0.04,,,,25.491968,-80.48562,K.elegans,M,5.50,3.01,8.61,11.37,L,,03.20.2020,03.25.2020,AB,25.491968,-80.48562
245,152,set055-10-30-19-A3.txt,3,A,A-3,55,0.36,5393.5,1912.545,0,5393.5,0.999,5398.6,0.524,,10.3,1:50pm,M,Lake Wales,Polk,K. elegans,Y,,C,continuous; +90,,0.043,,,,27.903346,-81.589461,K.elegans,M,6.16,3.22,8.75,11.93,L,,03.20.2020,03.25.2020,AB,27.903346,-81.589461
289,159,set055-10-30-19-A4.txt,4,A,A-4,55,0,0,0,0,0,0,5398.6,0,,10.3,1:50pm,M,Lake Wales,Polk,K. elegans,N,,,,,0.033,,,,27.903346,-81.589461,K.elegans,M,5.51,3.18,8.44,11.46,L,,03.20.2020,03.25.2020,AB,27.903346,-81.589461
330,118,set055-10-30-19-B1.txt,1,B,B-1,55,0.306,9.0,2.513,0,9.0,0.002,5400.0,0.698,,10.3,1:50pm,F,Homestead,SW 296th St & 182nd Ave,K. elegans,N,,,,,0.049,,,,25.491968,-80.48562,K.elegans,M,5.74,3.15,8.74,11.78,L,,03.20.2020,03.25.2020,AB,25.491968,-80.48562
313,90,set055-10-30-19-B2.txt,2,B,B-2,55,0,0,0,0,0,0,5400.0,0,P,10.3,1:50pm,F,Homestead,SW 296th St & 182nd Ave,K. elegans,N,,,,,0.061,,,,25.491968,-80.48562,K.elegans,F,7.94,3.75,10.28,13.41,L,,03.20.2020,03.25.2020,AB,25.491968,-80.48562
197,123,set056-10-30-19-A4.txt,4,A,A-4,56,0.279,4668.9,8.796,0,4615.3,0.865,5400.0,0.37,,10.3,3:30pm,M,Homestead,SW 296th St & 182nd Ave,K. elegans,Y,,B,bursts,,0.047,,,,25.491968,-80.48562,K.elegans,M,6.12,3.26,9.14,12.22,L,,03.20.2020,03.25.2020,AB,25.491968,-80.48562
210,92,set056-10-30-19-B1.txt,1,B,B-1,56,0,0,0,0,0,0,5330.2,0,,10.3,3:30pm,M,Homestead,SW 296th St & 182nd Ave,K. elegans,N,,,,,0.041,,,,25.491968,-80.48562,K.elegans,M,5.92,3.19,8.71,11.52,L,,03.20.2020,03.25.2020,AB,25.491968,-80.48562
215,103,set056-10-30-19-B2.txt,2,B,B-2,56,0.376,2349.8,835.639,70.2,1980.2,0.441,5330.2,0.524,,10.3,3:30pm,M,Homestead,SW 296th St & 182nd Ave,K. elegans,Y,,BC,bursts to continuous; +90,,0.048,,,,25.491968,-80.48562,K.elegans,M,5.86,3.12,8.64,11.82,L,,03.20.2020,03.25.2020,AB,25.491968,-80.48562
99,258,set057-10-31-19-B1.txt,1,B,B-1,57,0,0,1.257,0,0,0,5400.0,0,P,10.31,9:20am,M,North Key Largo,DD,C. corindum ,N,,,,,0.041,,,,25.28636983,-80.29077075,C.corindum,M,6.60,3.23,8.34,11.71,L,,03.23.2020,03.26.2020,AB,25.28636983,-80.29077075
152,102,set057-10-31-19-B2.txt,2,B,B-2,57,0,0,0,0,0,0,5400.0,0,,10.31,9:20am,F,Homestead,SW 296th St & 182nd Ave,K. elegans,N,,,,,0.118,,Y,,25.491968,-80.48562,K.elegans,F,8.54,3.59,9.63,13.36,L,,03.20.2020,03.25.2020,AB,25.491968,-80.48562
29,105,set057-10-31-19-B4.txt,4,B,B-4,57,0,0,0,0,0,0,5400.0,0,,10.31,9:20am,F,Homestead,SW 296th St & 182nd Ave,K. elegans,N,,,,,0.086,,Y,,25.491968,-80.48562,K.elegans,F,8.02,3.69,9.86,13.57,L,,03.20.2020,03.25.2020,AB,25.491968,-80.48562
37,238,set058-10-31-19-A1.txt,1,A,A-1,58,0,0,0,0,0,0,5400.0,0,P,10.31,11:00am,F,North Key Largo,Carysfort Cr,C. corindum ,N,,,,,0.117,,Y,,25.25647566,-80.31068981,C.corindum,F,8.26,3.48,9.41,13.56,L,wings torn at end,03.23.2020,03.26.2020,AB,25.25647566,-80.31068981
205,276,set058-10-31-19-A4.txt,4,A,A-4,58,0.408,5351.8,2155.697,61.5,5290.3,0.991,5400.0,0.483,,10.31,11:00am,M,North Key Largo,DD,C. corindum ,Y,,C,continuous; +90,,0.051,,,,25.28636983,-80.29077075,C.corindum,M,6.44,3.29,8.69,11.64,L,wings torn at end,03.23.2020,03.26.2020,AB,25.28636983,-80.29077075
332,107,set058-10-31-19-B3.txt,3,B,B-3,58,0,0,1.257,0,0,0,5400.0,0,,10.31,11:00am,F,Homestead,SW 296th St & 182nd Ave,K. elegans,N,,,,,0.111,,Y,,25.491968,-80.48562,K.elegans,F,8.33,3.74,9.30,12.73,L,,03.20.2020,03.25.2020,AB,25.491968,-80.48562
310,252,set058-10-31-19-B4.txt,4,B,B-4,58,0,0,1.257,0,0,0,5400.0,0,,10.31,11:00am,F,North Key Largo,DD -inter,C. corindum ,N,,,,,0.085,,Y,,25.252842,-80.311826,C.corindum,F,8.40,3.46,9.33,12.94,L,,03.23.2020,03.26.2020,AB,25.252842,-80.311826
341,135,set059-10-31-19-A2.txt,2,A,A-2,59,0.524,0,3.77,0,0,0,5400.0,0,,10.31,12:45pm,F,Homestead,SW 296th St & 182nd Ave,K. elegans,N,,,,checked every 5 min,0.085,,Y,,25.491968,-80.48562,K.elegans,F,7.61,3.46,9.41,12.90,L,,03.20.2020,03.25.2020,AB,25.491968,-80.48562
24,262,set059-10-31-19-A4.txt,4,A,A-4,59,0.25,1809.5,141.996,67.2,482.9,0.335,5400.0,1.257,,10.31,12:45pm,M,North Key Largo,DD,C. corindum ,Y,,B,bursts to continuous?,checked every 5 min,0.041,,,,25.28636983,-80.29077075,C.corindum,M,6.28,3.11,8.59,11.75,L,,03.23.2020,03.26.2020,AB,25.28636983,-80.29077075
328,280,set059-10-31-19-B1.txt,1,B,B-1,59,0.161,0,6.283,0,0,0,5400.0,0.112,,10.31,12:45pm,M,North Key Largo,DD,C. corindum ,N,,,,checked every 5 min,0.043,,,,25.28636983,-80.29077075,C.corindum,M,6.49,3.29,8.87,12.41,L,,03.24.2020,03.26.2020,AB,25.28636983,-80.29077075
223,129,set059-10-31-19-B3.txt,3,B,B-3,59,0.325,2861.6,87.962,0,442.5,0.53,5400.0,0.483,,10.31,12:45pm,M,Homestead,SW 296th St & 182nd Ave,K. elegans,Y,,B,bursts to longer burst,checked every 5 min,0.052,,,,25.491968,-80.48562,K.elegans,M,5.58,3.11,8.49,11.18,L,wings torn at end,03.20.2020,03.25.2020,AB,25.491968,-80.48562
318,65,set059-10-31-19-B4.txt,4,B,B-4,59,0.365,442.1,6.283,0,414.1,0.082,5400.0,0.449,,10.31,12:45pm,F,Key Largo,JP Grove,C. corindum ,N,,,,checked every 5 min,0.071,,Y,,25.12846,-80.40809,C.corindum,F,7.33,3.23,8.13,11.92,L,wings torn at end,03.20.2020,03.25.2020,AB,25.12846,-80.40809
41,261,set006-10-16-19-A2.txt,2,A,A-2,6,0.338,1763.7,584.319,0,1763.7,0.98,1800.0,0.483,C,10.16,11:00,M,North Key Largo,DD,C. corindum ,Y,,C,continuous,,,,,,25.28636983,-80.29077075,C.corindum,M,5.81,3.18,7.82,10.83,L,wings torn at end,03.23.2020,03.26.2020,AB,25.28636983,-80.29077075
45,405,set006-10-16-19-A3.txt,3,A,A-3,6,0,0,0,0,0,0,1800.0,0,Petri2,10.16,11:00,F,Gainesville,NW 10th Ave & 18th St,K. elegans,N,,,,,,,Y,,29.661821,-82.347211,K.elegans,F,8.57,3.90,11.30,14.72,L,,03.24.2020,03.26.2020,AB,29.661821,-82.347211
46,113,set006-10-16-19-A4.txt,4,A,A-4,6,0.249,1737.1,427.872,0,1737.1,0.965,1800.0,0.349,A,10.16,11:00,M,Homestead,SW 296th St & 182nd Ave,K. elegans,Y,,C,continous,,,,,,25.491968,-80.48562,K.elegans,M,5.88,3.15,8.60,11.69,L,,03.20.2020,03.25.2020,AB,25.491968,-80.48562
50,47,set006-10-16-19-B1.txt,1,B,B-1,6,0,0,0,0,0,0,1800.0,0,B,10.16,11:00,M,Key Largo,JP Grove,C. corindum ,N,,,,,,,,,25.12846,-80.40809,C.corindum,M,6.63,3.07,7.87,11.37,L,wings torn at end,03.19.2020,03.25.2020,AB,25.12846,-80.40809
51,254,set006-10-16-19-B2.txt,2,B,B-2,6,0,0,0,0,0,0,1800.0,0,E,10.16,11:00,M,North Key Largo,DD,C. corindum ,N,,,,,,,,,25.28636983,-80.29077075,C.corindum,M,6.03,3.08,7.77,10.65,L,wings torn at end,03.23.2020,03.26.2020,AB,25.28636983,-80.29077075
54,257,set006-10-16-19-B3.txt,3,B,B-3,6,0.182,1336.8,5.655,283.1,615.5,0.743,1800.0,0.233,Petri2,10.16,11:00,M,North Key Largo,DD,C. corindum ,Y,,B,,,,,,,25.28636983,-80.29077075,C.corindum,M,5.56,2.67,7.25,10.31,L,wings torn at end,03.23.2020,03.26.2020,AB,25.28636983,-80.29077075
293,50,set060-10-31-19-A1.txt,1,A,A-1,60,0.243,2208.6,3.77,0,2203.3,0.409,5400.0,0.251,,10.31,2:20pm,M,Key Largo,JP Grove,C. corindum ,Y,,B,bursts,,0.045,,,,25.12846,-80.40809,C.corindum,M,6.25,3.37,8.67,11.84,L,,03.19.2020,03.25.2020,AB,25.12846,-80.40809
190,73,set060-10-31-19-A2.txt,2,A,A-2,60,0,0,0.628,0,0,0,5400.0,0,,10.31,2:20pm,M,North Key Largo,Dagny Trellis,C. corindum ,N,,,,,0.042,,,,25.1755048,-80.36782055,C.corindum,M,5.92,3.07,8.41,11.38,L,,03.20.2020,03.25.2020,AB,25.1755048,-80.36782055
337,114,set060-10-31-19-A3.txt,3,A,A-3,60,0,0,0,0,0,0,5400.0,0,,10.31,2:20pm,M,Homestead,SW 296th St & 182nd Ave,K. elegans,N,,,,,0.044,,,,25.491968,-80.48562,K.elegans,M,6.00,3.23,9.32,12.26,L,,03.20.2020,03.25.2020,AB,25.491968,-80.48562
320,409,set060-10-31-19-B1.txt,1,B,B-1,60,0,0,1.257,0,0,0,5400.0,0,,10.31,2:20pm,M,Gainesville,NW 10th Ave & 18th St,K. elegans,N,,,,,0.043,,,,29.661821,-82.347211,K.elegans,M,5.72,3.18,8.53,11.55,L,,03.24.2020,03.26.2020,AB,29.661821,-82.347211
258,263,set060-10-31-19-B3.txt,3,B,B-3,60,0,0,0,0,0,0,5400.0,0,,10.31,2:20pm,F,North Key Largo,DD,C. corindum ,N,,,,,0.09,,Y,,25.28636983,-80.29077075,C.corindum,F,6.56,3.19,8.32,11.34,L,,03.23.2020,03.26.2020,AB,25.28636983,-80.29077075
304,183,set060-10-31-19-B4.txt,4,B,B-4,60,0.306,187.3,53.406,0,50.4,0.035,5400.0,0.483,P,10.31,2:20pm,M,North Key Largo,N. Dagny,C. corindum ,Y,,B,bursts,,0.039,,,,25.18229498,-80.36369887,C.corindum,M,6.56,3.06,8.04,10.92,L,,03.20.2020,03.25.2020,AB,25.18229498,-80.36369887
48,113,set061-10-31-19-A1.txt,1,A,A-1,61,0.215,4143.0,854.488,139.0,3628.0,0.767,5400.0,0.898,,10.31,4:00pm,M,Homestead,SW 296th St & 182nd Ave,K. elegans,Y,,C,continuous; +90,,0.039,,,,25.491968,-80.48562,K.elegans,M,5.88,3.15,8.60,11.69,L,,03.20.2020,03.25.2020,AB,25.491968,-80.48562
122,275,set061-10-31-19-A3.txt,3,A,A-3,61,0.126,0,2.513,0,0,0,5400.0,0,,10.31,4:00pm,F,North Key Largo,DD,C. corindum ,N,,,,,0.113,,Y,,25.28636983,-80.29077075,C.corindum,F,9.35,3.78,10.19,14.01,L,,03.23.2020,03.26.2020,AB,25.28636983,-80.29077075
141,187,set061-10-31-19-A4.txt,4,A,A-4,61,0.45,65.3,40.211,0,25.8,0.012,5400.0,0.898,,10.31,4:00pm,F,North Key Largo,N. Dagny,C. corindum ,N,,,,,0.089,,Y,,25.18229498,-80.36369887,C.corindum,F,8.98,3.68,9.06,12.81,L,,03.20.2020,03.25.2020,AB,25.18229498,-80.36369887
129,120,set062-11-01-19-B1.txt,1,B,B-1,62,0.274,4230.9,1120.887,191.9,3941.0,0.783,5400.0,0.524,,11.01,9:05am,M,Homestead,SW 296th St & 182nd Ave,K. elegans,Y,,C,continuous; +90,,0.048,,,,25.491968,-80.48562,K.elegans,M,5.70,3.23,8.54,11.59,L,,03.20.2020,03.25.2020,AB,25.491968,-80.48562
171,78,set062-11-01-19-B3.txt,3,B,B-3,62,0,0,0,0,0,0,5400.0,0,,11.01,9:05am,M,North Key Largo,Dagny Trellis,C. corindum ,N,,,,,0.032,,,,25.1755048,-80.36782055,C.corindum,M,5.79,2.78,7.88,10.34,L,wings torn at end,03.20.2020,03.25.2020,AB,25.1755048,-80.36782055
285,404,set062-11-01-19-B4.txt,4,B,B-4,62,0.284,5288.2,1298.068,0,4630.9,0.979,5400.0,0.571,P,11.01,9:05am,F,Gainesville,NW 10th Ave & 18th St,K. elegans,Y,,C,continuous; +90,,0.082,,Y,,29.661821,-82.347211,K.elegans,F,7.86,3.59,9.82,13.37,L,,03.24.2020,03.26.2020,AB,29.661821,-82.347211
234,96,set063-11-01-19-A4.txt,4,A,A-4,63,0.42,5394.4,2244.916,0,5394.4,0.999,5400.0,0.571,,11.01,10:55am,M,Homestead,SW 296th St & 182nd Ave,K. elegans,Y,,C,continuous; +90,,0.045,,,,25.491968,-80.48562,K.elegans,M,5.69,3.10,8.70,11.60,L,,03.20.2020,03.25.2020,AB,25.491968,-80.48562
20,132,set063-11-01-19-B1.txt,1,B,B-1,63,0.323,5397.9,1713.374,0,5397.9,1.0,5400.0,0.628,,11.01,10:55am,M,Homestead,SW 296th St & 182nd Ave,K. elegans,Y,,C,continuous; +90,,0.055,,,,25.491968,-80.48562,K.elegans,M,5.75,3.32,9.04,11.98,L,,03.20.2020,03.25.2020,AB,25.491968,-80.48562
175,271,set063-11-01-19-B2.txt,2,B,B-2,63,0,0,0,0,0,0,5400.0,0,,11.01,10:55am,M,North Key Largo,DD,C. corindum ,N,,,,,0.035,,,,25.28636983,-80.29077075,C.corindum,M,6.66,3.23,8.63,11.63,L,,03.23.2020,03.26.2020,AB,25.28636983,-80.29077075
53,254,set064-11-01-19-B1.txt,1,B,B-1,64,0.17,0,2.513,0,0,0,5400.0,0,,11.01,12:50pm,M,North Key Largo,DD,C. corindum ,N,,,,,0.047,,,,25.28636983,-80.29077075,C.corindum,M,6.03,3.08,7.77,10.65,L,wings torn at end,03.23.2020,03.26.2020,AB,25.28636983,-80.29077075
339,397,set064-11-01-19-B3.txt,3,B,B-3,64,0,0,0,0,0,0,5400.0,0,,11.01,12:50pm,F,Gainesville,NW 10th Ave & 18th St,K. elegans,N,,,,,0.106,,Y,,29.661821,-82.347211,K.elegans,F,7.81,3.58,9.57,13.13,L,,03.24.2020,03.26.2020,AB,29.661821,-82.347211
272,154,set065-11-01-19-A1.txt,1,A,A-1,65,0,0,0,0,0,0,5400.0,0,,11.01,2:25pm,F,Lake Wales,Polk,K. elegans,N,,,,,0.057,,Y,,27.903346,-81.589461,K.elegans,F,7.72,3.54,10.05,13.24,L,,03.20.2020,03.25.2020,AB,27.903346,-81.589461
69,139,set065-11-01-19-A2.txt,2,A,A-2,65,0,0,0.628,0,0,0,5400.0,0,P,11.01,2:25pm,F,Lake Wales,Polk,K. elegans,N,,,,,0.07,,Y,,27.903346,-81.589461,K.elegans,F,6.97,3.45,9.61,12.86,L,,03.20.2020,03.25.2020,AB,27.903346,-81.589461
85,226,set065-11-01-19-A3.txt,3,A,A-3,65,0.327,4630.5,1494.097,0,4539.5,0.858,5400.0,0.524,,11.01,2:25pm,M,North Key Largo,Carysfort Cr,C. corindum ,Y,,BC,bursts to continuous; +90,,0.035,,,,25.25647566,-80.31068981,C.corindum,M,6.34,2.91,8.08,11.25,L,,03.23.2020,03.26.2020,AB,25.25647566,-80.31068981
165,288,set065-11-01-19-A4.txt,4,A,A-4,65,0.315,4387.4,1368.437,103.8,3198.8,0.812,5400.0,0.571,P,11.01,2:25pm,M,North Key Largo,DD,C. corindum ,Y,,BC,bursts to continuous; +90,,0.047,,,,25.28636983,-80.29077075,C.corindum,M,5.94,3.07,7.99,10.94,L,,03.24.2020,03.26.2020,AB,25.28636983,-80.29077075
74,131,set066-11-01-19-A1.txt,1,A,A-1,66,0,0,0,0,0,0,5400.0,0,,11.01,4:10pm,F,Homestead,SW 296th St & 182nd Ave,K. elegans,N,,,,,0.085,,Y,,25.491968,-80.48562,K.elegans,F,7.97,3.91,9.98,13.19,L,,03.20.2020,03.25.2020,AB,25.491968,-80.48562
323,119,set066-11-01-19-A2.txt,2,A,A-2,66,0,0,0.628,0,0,0,5400.0,0,,11.01,4:10pm,M,Homestead,SW 296th St & 182nd Ave,K. elegans,N,,,,,0.043,,,,25.491968,-80.48562,K.elegans,M,5.57,3.04,8.33,11.11,L,,03.20.2020,03.25.2020,AB,25.491968,-80.48562
158,126,set066-11-01-19-A3.txt,3,A,A-3,66,0.429,5397.2,2248.686,0,5397.2,0.999,5400.0,0.628,,11.01,4:10pm,M,Homestead,SW 296th St & 182nd Ave,K. elegans,Y,,C,continuous,,0.053,,,,25.491968,-80.48562,K.elegans,M,5.88,3.39,9.00,12.18,L,,03.20.2020,03.25.2020,AB,25.491968,-80.48562
335,410,set066-11-01-19-A4.txt,4,A,A-4,66,0.14,0,11.938,0,0,0,5400.0,0,,11.01,4:10pm,F,Gainesville,NW 10th Ave & 18th St,K. elegans,N,,,,,0.103,,Y,,29.661821,-82.347211,K.elegans,F,7.96,3.51,9.45,13.02,L,wings torn at end,03.24.2020,03.26.2020,AB,29.661821,-82.347211
350,146,set066-11-01-19-B3.txt,3,B,B-3,66,0,0,0,0,0,0,5400.0,0,P,11.01,4:10pm,M,Lake Wales,Polk,K. elegans,N,,,,,0.037,,,,27.903346,-81.589461,K.elegans,,,,,,,bug broke apart when tried to get out of tube,03.20.2020,03.25.2020,AB,27.903346,-81.589461
125,125,set067-11-04-19-A1.txt,1,A,A-1,67,0.257,4291.2,1022.244,186.6,3772.2,0.816,5256.7,0.483,,11.04,9:05am,M,Homestead,SW 296th St & 182nd Ave,K. elegans,Y,,C,continuous; +90; stopped flying around 1 hour and 50 minutes,around 57 minutes the logger quit unexpectantly; decided to start an extra 30 minute trial even though had been flying for almost 90 minutes,0.053,,,,25.491968,-80.48562,K.elegans,M,6.14,3.19,9.02,12.10,L,,03.20.2020,03.25.2020,AB,25.491968,-80.48562
56,257,set067-11-04-19-A2.txt,2,A,A-2,67,0.251,3342.4,740.766,0,2242.7,0.636,5256.7,0.524,P,11.04,9:05am,M,North Key Largo,DD,C. corindum ,Y,,CB,continuous; stopped around 55 min --> bursts,,0.03,,,,25.28636983,-80.29077075,C.corindum,M,5.56,2.67,7.25,10.31,L,wings torn at end,03.23.2020,03.26.2020,AB,25.28636983,-80.29077075
179,109,set067-11-04-19-A4.txt,4,A,A-4,67,0.399,5145.1,1742.276,0,4371.2,0.979,5256.7,0.571,,11.04,9:05am,F,Homestead,SW 296th St & 182nd Ave,K. elegans,Y,,C,continuous; +90; +120,,0.082,,Y,,25.491968,-80.48562,K.elegans,F,7.98,3.66,10.23,13.60,L,,03.20.2020,03.25.2020,AB,25.491968,-80.48562
133,69,set067-11-04-19-B2.txt,2,B,B-2,67,0,0,0,0,0,0,5400.0,0,P,11.04,9:05am,F,North Key Largo,Dagny Trellis,C. corindum ,N,,,,,0.096,,Y,,25.1755048,-80.36782055,C.corindum,F,8.74,3.43,8.99,12.55,L,,03.20.2020,03.25.2020,AB,25.1755048,-80.36782055
261,408,set068-11-04-19-A1.txt,1,A,A-1,68,0,0,0,0,0,0,5400.0,0,,11.04,11:10am,M,Gainesville,NW 10th Ave & 18th St,K. elegans,N,,,,,0.051,,,,29.661821,-82.347211,K.elegans,M,6.16,3.30,8.42,11.70,L,wings torn at end,03.24.2020,03.26.2020,AB,29.661821,-82.347211
76,98,set068-11-04-19-A2.txt,2,A,A-2,68,0,0,0,0,0,0,5400.0,0,P,11.04,11:10am,F,Homestead,SW 296th St & 182nd Ave,K. elegans,N,,,,,0.085,,Y,,25.491968,-80.48562,K.elegans,F,7.88,4.07,10.46,14.08,L,,03.20.2020,03.25.2020,AB,25.491968,-80.48562
114,116,set068-11-04-19-A4.txt,4,A,A-4,68,0.325,1808.2,33.928,0,1166.4,0.335,5400.0,0.37,,11.04,11:10am,F,Homestead,SW 296th St & 182nd Ave,K. elegans,Y,,B,bursts,,0.038,,,,25.491968,-80.48562,K.elegans,M,6.08,3.05,8.29,11.20,L,,03.20.2020,03.25.2020,AB,25.491968,-80.48562
184,235,set068-11-04-19-B1.txt,1,B,B-1,68,0.364,3084.9,115.607,62.3,719.9,0.571,5400.0,0.698,,11.04,11:10am,F,North Key Largo,Carysfort Cr,C. corindum ,Y,,B,bursts,,0.114,,Y,,25.25647566,-80.31068981,C.corindum,F,9.09,3.66,9.75,13.43,L,,03.23.2020,03.26.2020,AB,25.25647566,-80.31068981
92,101,set068-11-04-19-B2.txt,2,B,B-2,68,0.424,4987.5,2075.275,84.3,4532.8,0.924,5400.0,0.698,,11.04,11:10am,M,Homestead,SW 296th St & 182nd Ave,K. elegans,Y,,BC,bursts to continuous; +90,,0.041,,,,25.491968,-80.48562,K.elegans,M,5.84,3.15,8.74,11.55,L,,03.20.2020,03.25.2020,AB,25.491968,-80.48562
275,111,set068-11-04-19-B4.txt,4,B,B-4,68,0.364,338.9,111.209,87.7,87.7,0.063,5400.0,0.628,,11.04,11:10am,M,Homestead,SW 296th St & 182nd Ave,K. elegans,Y,,B,bursts,,0.04,,,,25.491968,-80.48562,K.elegans,M,5.38,3.00,8.22,10.99,L,,03.20.2020,03.25.2020,AB,25.491968,-80.48562
82,149,set069-11-04-19-A1.txt,1,A,A-1,69,0,0,0,0,0,0,5400.0,0,,11.04,12:55pm,F,Lake Wales,Polk,K. elegans,N,,,,,0.144,,Y,,27.903346,-81.589461,K.elegans,F,8.18,3.73,10.05,13.89,L,wings torn at end,03.20.2020,03.25.2020,AB,27.903346,-81.589461
8,89,set069-11-04-19-A2.txt,2,A,A-2,69,0.269,4597.6,1105.808,282.5,2725.9,0.851,5400.0,0.571,P,11.04,12:55pm,M,Homestead,SW 296th St & 182nd Ave,K. elegans,Y,,C,"continuous; stopped and restarted at 45 min, stopped and restarted 70 min",,0.054,,,,25.491968,-80.48562,K.elegans,M,6.20,3.31,8.85,12.20,L,,03.20.2020,03.25.2020,AB,25.491968,-80.48562
43,261,set069-11-04-19-A3.txt,3,A,A-3,69,0.414,3868.3,1290.528,87.1,3047.7,0.716,5400.0,0.628,,11.04,12:55pm,M,North Key Largo,DD,C. corindum ,Y,,C,"continuous; stopped and restarted at 60 min, again at 70 min",,0.04,,,,25.28636983,-80.29077075,C.corindum,M,5.81,3.18,7.82,10.83,L,wings torn at end,03.23.2020,03.26.2020,AB,25.28636983,-80.29077075
109,68,set069-11-04-19-A4.txt,4,A,A-4,69,0.205,2716.5,12.566,0,2680.6,0.503,5400.0,0.628,P,11.04,12:55pm,M,North Key Largo,Dagny Trellis,C. corindum ,N,,,,,0.085,,Y,,25.1755048,-80.36782055,C.corindum,F,8.26,3.77,10.11,13.74,L,,03.20.2020,03.25.2020,AB,25.1755048,-80.36782055
155,249,set069-11-04-19-B2.txt,2,B,B-2,69,0,0,0.628,0,0,0,5400.0,0,,11.04,12:55pm,F,North Key Largo,DD -inter,C. corindum ,N,,,,,0.044,,Y,,25.252842,-80.311826,C.corindum,F,8.22,3.50,8.73,12.27,L,,03.23.2020,03.26.2020,AB,25.252842,-80.311826
231,128,set069-11-04-19-B3.txt,3,B,B-3,69,0,0,0,0,0,0,5400.0,0,,11.04,12:55pm,M,Homestead,SW 296th St & 182nd Ave,K. elegans,N,,,,,0.043,,,,25.491968,-80.48562,K.elegans,M,5.88,2.89,7.94,10.62,L,wings torn at end,03.20.2020,03.25.2020,AB,25.491968,-80.48562
60,253,set007-10-16-19-A1.txt,1,A,A-1,7,0.186,1586.0,14.451,0,1449.9,0.881,1800.0,0.393,E,10.16,11:50,F,North Key Largo,DD,C. corindum ,N,,,,,,,Y,,25.28636983,-80.29077075,C.corindum,F,8.50,3.75,9.46,12.32,L,,03.23.2020,03.26.2020,AB,25.28636983,-80.29077075
62,223,set007-10-16-19-A4.txt,4,A,A-4,7,0.218,1792.3,376.98,0,1792.3,0.996,1800.0,0.393,E,10.16,11:50,F,North Key Largo,Carysfort Cr,C. corindum ,Y,,C,continuous,,,,,,25.25647566,-80.31068981,C.corindum,F,8.57,3.59,8.91,12.73,L,,03.23.2020,03.26.2020,AB,25.25647566,-80.31068981
34,99,set070-11-04-19-A3.txt,3,A,A-3,70,0.312,5343.6,1622.271,0,5343.6,0.99,5400.0,0.571,P,11.04,2:30pm,M,Homestead,SW 296th St & 182nd Ave,K. elegans,Y,,C,continuous; +90,,0.046,,,,25.491968,-80.48562,K.elegans,M,5.95,3.03,8.89,11.69,L,,03.20.2020,03.25.2020,AB,25.491968,-80.48562
351,283,set070-11-04-19-A4.txt,4,A,A-4,70,0.349,0,3.141,0,0,0,5400.0,0,,11.04,2:30pm,F,North Key Largo,DD,C. corindum ,N,,,,,0.069,,,,25.28636983,-80.29077075,C.corindum,F,7.97,3.33,8.09,11.76,L,wings torn at end,03.24.2020,03.26.2020,AB,25.28636983,-80.29077075
346,124,set070-11-04-19-B1.txt,1,B,B-1,70,0.322,3251.2,5.026,0,1877.3,0.602,5400.0,0.37,,11.04,2:30pm,M,Homestead,SW 296th St & 182nd Ave,K. elegans,Y,,B,bursts,,0.051,,,,25.491968,-80.48562,K.elegans,M,6.06,3.29,8.80,12.10,L,,03.20.2020,03.25.2020,AB,25.491968,-80.48562
344,278,set070-11-04-19-B2.txt,2,B,B-2,70,0,0,0.628,0,0,0,5400.0,0,,11.04,2:30pm,M,North Key Largo,DD,C. corindum ,N,,,,,0.034,,,,25.28636983,-80.29077075,C.corindum,M,5.69,2.88,7.83,10.83,L,,03.23.2020,03.26.2020,AB,25.28636983,-80.29077075
3,259,set071-11-04-19-A2.txt,2,A,A-2,71,0.302,640.0,7.54,0,630.3,0.119,5400.0,0.628,,11.04,,M,North Key Largo,DD,C. corindum ,Y,,B,bursts,,0.037,,,,25.28636983,-80.29077075,C.corindum,M,6.16,3.10,8.34,11.57,L,,03.23.2020,03.26.2020,AB,25.28636983,-80.29077075
281,91,set071-11-04-19-A3.txt,3,A,A-3,71,0.326,5397.0,1736.621,0,5397.0,0.999,5400.0,0.524,P,11.04,,M,Homestead,SW 296th St & 182nd Ave,K. elegans,Y,,C,continuous; +90,,0.047,,,,25.491968,-80.48562,K.elegans,M,5.93,3.21,8.53,11.82,L,,03.20.2020,03.25.2020,AB,25.491968,-80.48562
104,155,set071-11-04-19-A4.txt,4,A,A-4,71,0.433,6.5,5.026,0,6.5,0.001,5400.0,0.571,,11.04,,M,Lake Wales,Polk,K. elegans,N,,,,,0.063,,,,27.903346,-81.589461,K.elegans,M,6.07,3.09,8.31,11.48,L,wings torn at end,03.20.2020,03.25.2020,AB,27.903346,-81.589461
241,136,set072-11-05-19-A1_136.txt,1,A,A-1,72,0.272,22.9,3.141,0,22.9,0.005,4511.6,0.331,,11.05,9:57am,M,Homestead,SW 296th St & 182nd Ave,K. elegans,Y,,B,bursts,,0.042,,,,25.491968,-80.48562,K.elegans,M,5.50,3.01,8.61,11.37,L,,03.20.2020,03.25.2020,AB,25.491968,-80.48562
286,404,set072-11-05-19-A1_404.txt,1,A,A-1,72,0.439,33165.5,14320.214,0,33165.5,0.771,43039.9,0.628,P,11.05,10:36am,F,Gainesville,NW 10th Ave & 18th St,K. elegans,Y,,C,continuous,,0.066,,Y,,29.661821,-82.347211,K.elegans,F,7.86,3.59,9.82,13.37,L,,03.24.2020,03.26.2020,AB,29.661821,-82.347211
299,84,set072-11-05-19-A1_84.txt,1,A,A-1,72,0.263,78.0,19.477,60.3,60.3,0.036,2153.5,0.393,,11.05,9:17:am,M,North Key Largo,Dagny 1/2 Loop,C. corindum ,Y,,B,bursts,,0.045,,,,25.173694,-80.371532,C.corindum,M,6.62,2.99,8.62,11.57,L,,03.20.2020,03.25.2020,AB,25.173694,-80.371532
235,96,set072-11-05-19-A3_96.txt,3,A,A-3,72,0.336,47.5,17.592,0,21.3,0.021,2225.2,0.449,,11.05,9:21am,M,Homestead,SW 296th St & 182nd Ave,K. elegans,Y,,B,bursts,,0.046,,,,25.491968,-80.48562,K.elegans,M,5.69,3.10,8.70,11.60,L,,03.20.2020,03.25.2020,AB,25.491968,-80.48562
246,152,set072-11-05-19-A3_152.txt,3,A,A-3,72,0.416,67.1,29.53,0,31.6,0.015,4576.8,0.571,,11.05,9:58am,M,Lake Wales,Polk,K. elegans,Y,,B,bursts,,0.046,,,,27.903346,-81.589461,K.elegans,M,6.16,3.22,8.75,11.93,L,,03.20.2020,03.25.2020,AB,27.903346,-81.589461
21,132,set072-11-05-19-A4_132.txt,4,A,A-4,72,0.344,30148.0,10201.079,0,30098.2,0.7,43039.9,0.483,,11.05,10:39am,M,Homestead,SW 296th St & 182nd Ave,K. elegans,Y,,C,continuous,,0.054,,,,25.491968,-80.48562,K.elegans,M,5.75,3.32,9.04,11.98,L,,03.20.2020,03.25.2020,AB,25.491968,-80.48562
137,67,set072-11-05-19-A4_67.txt,4,A,A-4,72,0.322,1786.5,23.247,162.9,878.4,0.783,2281.1,0.449,P,11.05,9:22am,M,North Key Largo,Dagny Trellis,C. corindum ,Y,,B,bursts,grabbed onto the sensor in the beginning 10 minutes,0.036,,,,25.1755048,-80.36782055,C.corindum,M,6.23,2.94,7.76,10.94,L,,03.20.2020,03.25.2020,AB,25.1755048,-80.36782055
166,288,set072-11-05-19-A4_288.txt,4,A,A-4,72,0.361,66.4,37.07,0,38.2,0.014,4665.6,0.483,P,11.05,10:00am,M,North Key Largo,DD,C. corindum ,Y,,B,bursts,,0.044,,,,25.28636983,-80.29077075,C.corindum,M,5.94,3.07,7.99,10.94,L,,03.24.2020,03.26.2020,AB,25.28636983,-80.29077075
198,123,set072-11-05-19-B2_123.txt,2,B,B-2,72,0.262,0,1.885,0,0,0,4715.8,0,,11.05,10:01am,M,Homestead,SW 296th St & 182nd Ave,K. elegans,Y,,B,bursts,,0.05,,,,25.491968,-80.48562,K.elegans,M,6.12,3.26,9.14,12.22,L,,03.20.2020,03.25.2020,AB,25.491968,-80.48562
149,95,set072-11-05-19-B3_95.txt,3,B,B-3,72,0.338,3805.0,1244.662,0,3805.0,0.789,4820.8,0.571,,11.05,9:25am,F,Homestead,SW 296th St & 182nd Ave,K. elegans,Y,,C,continuous,,0.083,,Y,,25.491968,-80.48562,K.elegans,F,8.37,3.80,10.22,14.17,L,,03.20.2020,03.25.2020,AB,25.491968,-80.48562
44,261,set072-11-05-19-B4_261.txt,4,B,B-4,72,0.329,17495.7,5618.259,0,17495.7,0.405,43152.6,0.524,,11.05,11:22am,M,North Key Largo,DD,C. corindum ,Y,,C,continuous,*definitely ran this one to exhaustion ,0.038,,,4:25pm,25.28636983,-80.29077075,C.corindum,M,5.81,3.18,7.82,10.83,L,wings torn at end,03.23.2020,03.26.2020,AB,25.28636983,-80.29077075
145,416,set072-11-05-19-B4_416.txt,4,B,B-4,72,0.232,7.2,3.141,0,7.2,0.001,7177.9,0.251,,11.05,10:44am,F,Gainesville,NW 10th Ave & 18th St,K. elegans,Y,,BC,bursts to continuous,,0.076,,Y,,29.661821,-82.347211,K.elegans,F,7.86,3.63,9.89,13.68,L,wings torn at end,03.24.2020,03.26.2020,AB,29.661821,-82.347211
35,99,set073-11-06-19-A1_99.txt,1,A,A-1,73,0.361,25398.4,8994.115,175.2,20189.0,0.504,50411.2,0.898,P,11.06,9:14am,M,Homestead,SW 296th St & 182nd Ave,K. elegans,Y,,BC,bursts to continuous,,0.046,,,4:37pm,25.491968,-80.48562,K.elegans,M,5.95,3.03,8.89,11.69,L,,03.20.2020,03.25.2020,AB,25.491968,-80.48562
126,125,set073-11-06-19-A1_125.txt,1,A,A-1,73,0.317,2644.4,806.737,0,2534.3,0.49,5400.6,0.483,,11.06,7:42am,M,Homestead,SW 296th St & 182nd Ave,K. elegans,Y,,C,continuous,,0.055,,,9:04am,25.491968,-80.48562,K.elegans,M,6.14,3.19,9.02,12.10,L,,03.20.2020,03.25.2020,AB,25.491968,-80.48562
49,113,set073-11-06-19-A2_113.txt,2,A,A-2,73,0.286,16985.6,4706.595,0,16951.1,0.337,50411.2,0.449,,11.06,11:10am,M,Homestead,SW 296th St & 182nd Ave,K. elegans,Y,,C,continuous,,0.049,,,4:08pm,25.491968,-80.48562,K.elegans,M,5.88,3.15,8.60,11.69,L,,03.20.2020,03.25.2020,AB,25.491968,-80.48562
282,91,set073-11-06-19-A2_91.txt,2,A,A-2,73,0.252,5638.1,1375.977,0,5638.1,0.564,10000.6,0.449,P,11.06,8:27am,M,Homestead,SW 296th St & 182nd Ave,K. elegans,Y,,C,continuous,,0.037,,,10:12am,25.491968,-80.48562,K.elegans,M,5.93,3.21,8.53,11.82,L,,03.20.2020,03.25.2020,AB,25.491968,-80.48562
305,183,set073-11-06-19-A2_183.txt,2,A,A-2,73,0.336,1316.0,414.05,135.7,702.9,0.106,12377.0,0.628,P,11.06,10:30am,M,North Key Largo,N. Dagny,C. corindum ,Y,,C,continuous,,0.043,,,11:08am,25.18229498,-80.36369887,C.corindum,M,6.56,3.06,8.04,10.92,L,,03.20.2020,03.25.2020,AB,25.18229498,-80.36369887
9,89,set073-11-06-19-A3_89.txt,3,A,A-3,73,0.322,34548.9,10652.198,145.8,31128.2,0.685,50411.2,0.524,P,11.06,11:11am,M,Homestead,SW 296th St & 182nd Ave,K. elegans,Y,,C,continuous,,0.054,,,8:30pm,25.491968,-80.48562,K.elegans,M,6.20,3.31,8.85,12.20,L,,03.20.2020,03.25.2020,AB,25.491968,-80.48562
57,257,set073-11-06-19-A3_257.txt,3,A,A-3,73,0.312,743.2,24.504,0,668.4,0.137,5417.4,0.483,P,11.06,8:27am,M,North Key Largo,DD,C. corindum ,Y,,B,bursts,,0.031,,,,25.28636983,-80.29077075,C.corindum,M,5.56,2.67,7.25,10.31,L,wings torn at end,03.23.2020,03.26.2020,AB,25.28636983,-80.29077075
180,109,set073-11-06-19-A3_109.txt,3,A,A-3,73,0.392,1875.2,36.441,0,727.7,0.241,7796.9,0.571,,11.06,9:14am,F,Homestead,SW 296th St & 182nd Ave,K. elegans,Y,,B,bursts,,0.093,,Y,,25.491968,-80.48562,K.elegans,F,7.98,3.66,10.23,13.60,L,,03.20.2020,03.25.2020,AB,25.491968,-80.48562
294,50,set073-11-06-19-A3_50.txt,3,A,A-3,73,0,0,0,0,0,0,12461.5,0,,11.06,10:31am,M,Key Largo,JP Grove,C. corindum ,N,,,,,0.05,,,,25.12846,-80.40809,C.corindum,M,6.25,3.37,8.67,11.84,L,,03.19.2020,03.25.2020,AB,25.12846,-80.40809
86,226,set073-11-06-19-A4_226.txt,4,A,A-4,73,0.173,718.6,24.504,0,639.5,0.132,5428.6,0.331,,11.06,8:28am,M,North Key Largo,Carysfort Cr,C. corindum ,Y,,B,bursts,,0.039,,,,25.25647566,-80.31068981,C.corindum,M,6.34,2.91,8.08,11.25,L,,03.23.2020,03.26.2020,AB,25.25647566,-80.31068981
105,155,set073-11-06-19-A4_155.txt,4,A,A-4,73,0,0,0,0,0,0,12516.1,0,,11.06,10:32am,M,Lake Wales,Polk,K. elegans,N,,,,,0.044,,,,27.903346,-81.589461,K.elegans,M,6.07,3.09,8.31,11.48,L,wings torn at end,03.20.2020,03.25.2020,AB,27.903346,-81.589461
110,68,set073-11-06-19-A4_68.txt,4,A,A-4,73,0,0,0.628,0,0,0,7880.1,0,P,11.06,9:15am,M,North Key Largo,Dagny Trellis,C. corindum ,N,,,,,0.08,,Y,,25.1755048,-80.36782055,C.corindum,F,8.26,3.77,10.11,13.74,L,,03.20.2020,03.25.2020,AB,25.1755048,-80.36782055
115,116,set073-11-06-19-A4_116.txt,4,A,A-4,73,0.381,7.2,3.141,0,7.2,0.001,10125.5,0.483,,11.06,9:55am,F,Homestead,SW 296th St & 182nd Ave,K. elegans,Y,,B,bursts,,0.039,,,,25.491968,-80.48562,K.elegans,M,6.08,3.05,8.29,11.20,L,,03.20.2020,03.25.2020,AB,25.491968,-80.48562
199,123,set073-11-06-19-A4_123.txt,4,A,A-4,73,0.31,834.7,3.77,0,832.8,0.017,50411.2,0.314,,11:06,3:35pm,M,Homestead,SW 296th St & 182nd Ave,K. elegans,Y,,B,bursts,,0.049,,,,25.491968,-80.48562,K.elegans,M,6.12,3.26,9.14,12.22,L,,03.20.2020,03.25.2020,AB,25.491968,-80.48562
211,92,set073-11-06-19-A4_92.txt,4,A,A-4,73,0.11,0,4.398,0,0,0,18959.6,0,,11.06,12:25pm,M,Homestead,SW 296th St & 182nd Ave,K. elegans,N,,,,,0.04,,,,25.491968,-80.48562,K.elegans,M,5.92,3.19,8.71,11.52,L,,03.20.2020,03.25.2020,AB,25.491968,-80.48562
224,129,set073-11-06-19-A4_129.txt,4,A,A-4,73,0.361,41.1,18.849,0,33.2,0.002,26172.6,0.483,,11.06,2:23pm,M,Homestead,SW 296th St & 182nd Ave,K. elegans,Y,,B,bursts,*wrong pulled,0.05,,,,25.491968,-80.48562,K.elegans,M,5.58,3.11,8.49,11.18,L,wings torn at end,03.20.2020,03.25.2020,AB,25.491968,-80.48562
276,111,set073-11-06-19-A4_111.txt,4,A,A-4,73,0.195,1578.4,36.441,278.7,715.9,0.638,2474.6,0.449,,11.06,7:43am,M,Homestead,SW 296th St & 182nd Ave,K. elegans,Y,,B,bursts,,0.04,,,,25.491968,-80.48562,K.elegans,M,5.38,3.00,8.22,10.99,L,,03.20.2020,03.25.2020,AB,25.491968,-80.48562
300,84,set073-11-06-19-A4_84.txt,4,A,A-4,73,0.178,91.0,19.477,0,29.1,0.004,21714.8,0.286,,11.06,1:01pm,M,North Key Largo,Dagny 1/2 Loop,C. corindum ,Y,,B,bursts,,0.042,,,,25.173694,-80.371532,C.corindum,M,6.62,2.99,8.62,11.57,L,,03.20.2020,03.25.2020,AB,25.173694,-80.371532
93,101,set073-11-06-19-B1_101.txt,1,B,B-1,73,0.199,1556.6,28.902,0,1393.1,0.291,5354.1,0.393,,11.06,8:30am,M,Homestead,SW 296th St & 182nd Ave,K. elegans,Y,,B,bursts,,0.039,,,,25.491968,-80.48562,K.elegans,M,5.84,3.15,8.74,11.55,L,,03.20.2020,03.25.2020,AB,25.491968,-80.48562
130,120,set073-11-06-19-B1_120.txt,1,B,B-1,73,0.32,13990.1,4437.683,0,13990.1,0.537,26031.1,0.449,,11.06,10:34am,M,Homestead,SW 296th St & 182nd Ave,K. elegans,Y,,C,continuous,,0.039,,,2:57pm,25.491968,-80.48562,K.elegans,M,5.70,3.23,8.54,11.59,L,,03.20.2020,03.25.2020,AB,25.491968,-80.48562
159,126,set073-11-06-19-B1_126.txt,1,B,B-1,73,0.41,521.2,212.365,0,474.1,0.052,9998.4,0.698,,11.06,9:58am,M,Homestead,SW 296th St & 182nd Ave,K. elegans,Y,,B,bursts,,0.054,,,,25.491968,-80.48562,K.elegans,M,5.88,3.39,9.00,12.18,L,,03.20.2020,03.25.2020,AB,25.491968,-80.48562
206,276,set073-11-06-19-B1_276.txt,1,B,B-1,73,0.224,633.2,9.425,0,621.9,0.26,2438.1,0.314,,11.06,7:45am,M,North Key Largo,DD,C. corindum ,Y,,B,bursts,,0.054,,,,25.28636983,-80.29077075,C.corindum,M,6.44,3.29,8.69,11.64,L,wings torn at end,03.23.2020,03.26.2020,AB,25.28636983,-80.29077075
4,259,set073-11-06-19-B2_259.txt,2,B,B-2,73,0,0,0,0,0,0,19338.9,0,,11.06,12:26pm,M,North Key Largo,DD,C. corindum ,N,,,,,0.045,,,,25.28636983,-80.29077075,C.corindum,M,6.16,3.10,8.34,11.57,L,,03.23.2020,03.26.2020,AB,25.28636983,-80.29077075
25,262,set073-11-06-19-B2_262.txt,2,B,B-2,73,0,0,0.628,0,0,0,12396.5,0,,11.06,10:35am,M,North Key Largo,DD,C. corindum ,N,,,,,0.049,,,,25.28636983,-80.29077075,C.corindum,M,6.28,3.11,8.59,11.75,L,,03.23.2020,03.26.2020,AB,25.28636983,-80.29077075
216,103,set073-11-06-19-B2_103.txt,2,B,B-2,73,0.248,25.3,10.053,0,14.3,0.003,7917.6,0.37,,11.06,9:18am,M,Homestead,SW 296th St & 182nd Ave,K. elegans,Y,,B,bursts,,0.052,,,,25.491968,-80.48562,K.elegans,M,5.86,3.12,8.64,11.82,L,,03.20.2020,03.25.2020,AB,25.491968,-80.48562
225,129,set073-11-06-19-B2_129.txt,2,B,B-2,73,0.242,614.3,18.221,191.2,389.3,0.249,2467.5,0.331,,11.06,7:45am,M,Homestead,SW 296th St & 182nd Ave,K. elegans,Y,,B,bursts,,0.052,,,,25.491968,-80.48562,K.elegans,M,5.58,3.11,8.49,11.18,L,wings torn at end,03.20.2020,03.25.2020,AB,25.491968,-80.48562
236,96,set073-11-06-19-B2_96.txt,2,B,B-2,73,0.391,708.7,11.309,0,662.6,0.033,21601.1,1.257,,11.06,1:10pm,M,Homestead,SW 296th St & 182nd Ave,K. elegans,Y,,B,bursts,,0.05,,,,25.491968,-80.48562,K.elegans,M,5.69,3.10,8.70,11.60,L,,03.20.2020,03.25.2020,AB,25.491968,-80.48562
242,136,set073-11-06-19-B2_136.txt,2,B,B-2,73,0.187,6.6,1.885,0,6.6,0.0,23830.5,0.185,,11.06,1:48pm,M,Homestead,SW 296th St & 182nd Ave,K. elegans,N,,,,,0.042,,,,25.491968,-80.48562,K.elegans,M,5.50,3.01,8.61,11.37,L,,03.20.2020,03.25.2020,AB,25.491968,-80.48562
314,90,set073-11-06-19-B2_90.txt,2,B,B-2,73,0,0,0,0,0,0,14475.3,0,P,11.06,11:13am,F,Homestead,SW 296th St & 182nd Ave,K. elegans,N,,,,,0.07,,,,25.491968,-80.48562,K.elegans,F,7.94,3.75,10.28,13.41,L,,03.20.2020,03.25.2020,AB,25.491968,-80.48562
347,124,set073-11-06-19-B2_124.txt,2,B,B-2,73,0.306,665.4,4.398,0,661.6,0.066,10064.1,0.419,,11.06,9:59am,M,Homestead,SW 296th St & 182nd Ave,K. elegans,Y,,B,bursts,,0.052,,,,25.491968,-80.48562,K.elegans,M,6.06,3.29,8.80,12.10,L,,03.20.2020,03.25.2020,AB,25.491968,-80.48562
138,67,set073-11-06-19-B3_67.txt,3,B,B-3,73,0.273,641.6,11.938,0,612.1,0.03,21681.3,0.898,P,11.06,1:10pm,M,North Key Largo,Dagny Trellis,C. corindum ,Y,,B,bursts,,0.042,,,,25.1755048,-80.36782055,C.corindum,M,6.23,2.94,7.76,10.94,L,,03.20.2020,03.25.2020,AB,25.1755048,-80.36782055
247,152,set073-11-06-19-B3_152.txt,3,B,B-3,73,0.516,12.9,10.053,0,9.2,0.001,23886.5,0.698,,11.06,1:49pm,M,Lake Wales,Polk,K. elegans,Y,,B,bursts,,0.046,,,,27.903346,-81.589461,K.elegans,M,6.16,3.22,8.75,11.93,L,,03.20.2020,03.25.2020,AB,27.903346,-81.589461
65,223,set073-11-06-19-B4_223.txt,4,B,B-4,73,0,0,0,0,0,0,16685.4,0,,11.06,11:50am,F,North Key Largo,Carysfort Cr,C. corindum ,N,,,,,0.111,,,,25.25647566,-80.31068981,C.corindum,F,8.57,3.59,8.91,12.73,L,,03.23.2020,03.26.2020,AB,25.25647566,-80.31068981
167,288,set073-11-06-19-B4_288.txt,4,B,B-4,73,0.416,121.8,47.751,87.4,87.4,0.005,23957.8,0.571,P,11.06,1:50pm,M,North Key Largo,DD,C. corindum ,Y,,B,bursts,,0.041,,,,25.28636983,-80.29077075,C.corindum,M,5.94,3.07,7.99,10.94,L,,03.24.2020,03.26.2020,AB,25.28636983,-80.29077075
185,235,set073-11-06-19-B4_235.txt,4,B,B-4,73,0.291,77.9,23.247,0,43.1,0.006,12437.8,0.449,,11.06,10:36am,F,North Key Largo,Carysfort Cr,C. corindum ,Y,,B,bursts,,0.115,,Y,,25.25647566,-80.31068981,C.corindum,F,9.09,3.66,9.75,13.43,L,,03.23.2020,03.26.2020,AB,25.25647566,-80.31068981
191,73,set073-11-06-19-B4_73.txt,4,B,B-4,73,0,0,0,0,0,0,14537.4,0,,11.06,11:15am,M,North Key Largo,Dagny Trellis,C. corindum ,N,,,,,0.039,,,,25.1755048,-80.36782055,C.corindum,M,5.92,3.07,8.41,11.38,L,,03.20.2020,03.25.2020,AB,25.1755048,-80.36782055
87,226,set074-11-07-19-A1_226.txt,1,A,A-1,74,0.237,1546.9,3.141,0,1544.7,0.344,4496.6,0.286,,11.07,9:32am,M,North Key Largo,Carysfort Cr,C. corindum ,Y,,B,bursts,,0.037,,,,25.25647566,-80.31068981,C.corindum,M,6.34,2.91,8.08,11.25,L,,03.23.2020,03.26.2020,AB,25.25647566,-80.31068981
106,155,set074-11-07-19-A1_155.txt,1,A,A-1,74,0,0,0,0,0,0,9096.4,0,,11.07,10:47am,M,Lake Wales,Polk,K. elegans,N,,,,,0.042,,,,27.903346,-81.589461,K.elegans,M,6.07,3.09,8.31,11.48,L,wings torn at end,03.20.2020,03.25.2020,AB,27.903346,-81.589461
192,73,set074-11-07-19-A1_73.txt,1,A,A-1,74,0,0,0,0,0,0,11302.0,0,,11.07,11:25am,M,North Key Largo,Dagny Trellis,C. corindum ,N,,,,,0.037,,,,25.1755048,-80.36782055,C.corindum,M,5.92,3.07,8.41,11.38,L,,03.20.2020,03.25.2020,AB,25.1755048,-80.36782055
301,84,set074-11-07-19-A1_84.txt,1,A,A-1,74,0.327,917.9,10.681,0,893.8,0.021,43221.6,0.483,,11.07,1:56pm,M,North Key Largo,Dagny 1/2 Loop,C. corindum ,Y,,B,bursts,,0.05,,,,25.173694,-80.371532,C.corindum,M,6.62,2.99,8.62,11.57,L,,03.20.2020,03.25.2020,AB,25.173694,-80.371532
94,101,set074-11-07-19-A2_101.txt,2,A,A-2,74,0.309,16958.0,4956.03,0,16958.0,0.392,43221.6,0.524,,11.07,9:33am,M,Homestead,SW 296th St & 182nd Ave,K. elegans,Y,,C,continuous,,0.044,,,2:28pm,25.491968,-80.48562,K.elegans,M,5.84,3.15,8.74,11.55,L,,03.20.2020,03.25.2020,AB,25.491968,-80.48562
181,109,set074-11-07-19-A3_109.txt,3,A,A-3,74,0.288,22894.0,6499.764,0,20624.9,0.53,43221.6,1.257,,11.07,9:34am,F,Homestead,SW 296th St & 182nd Ave,K. elegans,Y,,BC,bursts to continuous,,0.084,,Y,4:02pm,25.491968,-80.48562,K.elegans,F,7.98,3.66,10.23,13.60,L,,03.20.2020,03.25.2020,AB,25.491968,-80.48562
277,111,set074-11-07-19-A3_111.txt,3,A,A-3,74,0.473,68.3,30.787,0,39.2,0.028,2432.3,0.698,,11.07,8:55am,M,Homestead,SW 296th St & 182nd Ave,K. elegans,Y,,B,bursts,,0.041,,,,25.491968,-80.48562,K.elegans,M,5.38,3.00,8.22,10.99,L,,03.20.2020,03.25.2020,AB,25.491968,-80.48562
207,276,set074-11-07-19-A4_276.txt,4,A,A-4,74,0.445,39522.1,16604.084,0,37000.0,0.914,43221.6,1.257,,11.07,8:56am,M,North Key Largo,DD,C. corindum ,Y,,C,continuous,,0.055,,,7:30pm,25.28636983,-80.29077075,C.corindum,M,6.44,3.29,8.69,11.64,L,wings torn at end,03.23.2020,03.26.2020,AB,25.28636983,-80.29077075
26,262,set074-11-07-19-B1_262.txt,1,B,B-1,74,0,0,0,0,0,0,8923.5,0,,11.07,10:48am,M,North Key Largo,DD,C. corindum ,N,,,,,0.046,,,,25.28636983,-80.29077075,C.corindum,M,6.28,3.11,8.59,11.75,L,,03.23.2020,03.26.2020,AB,25.28636983,-80.29077075
111,68,set074-11-07-19-B1_68.txt,1,B,B-1,74,0,0,0,0,0,0,4346.1,0,P,11.07,9:35am,M,North Key Largo,Dagny Trellis,C. corindum ,N,,,,,0.078,,Y,,25.1755048,-80.36782055,C.corindum,F,8.26,3.77,10.11,13.74,L,,03.20.2020,03.25.2020,AB,25.1755048,-80.36782055
116,116,set074-11-07-19-B1_116.txt,1,B,B-1,74,0.196,927.8,7.54,0,910.5,0.14,6610.4,0.286,,11.07,10:10am,F,Homestead,SW 296th St & 182nd Ave,K. elegans,Y,,B,bursts,,0.038,,,,25.491968,-80.48562,K.elegans,M,6.08,3.05,8.29,11.20,L,,03.20.2020,03.25.2020,AB,25.491968,-80.48562
226,129,set074-11-07-19-B1_129.txt,1,B,B-1,74,0.152,1058.7,12.566,190.9,794.3,0.462,2293.5,0.273,,11.07,8:57am,M,Homestead,SW 296th St & 182nd Ave,K. elegans,Y,,B,bursts,,0.045,,,,25.491968,-80.48562,K.elegans,M,5.58,3.11,8.49,11.18,L,wings torn at end,03.20.2020,03.25.2020,AB,25.491968,-80.48562
66,223,set074-11-07-19-B2_223.txt,2,B,B-2,74,0,0,0,0,0,0,17300.0,0,,11.07,11:28am,F,North Key Largo,Carysfort Cr,C. corindum ,N,,,,,0.124,,,,25.25647566,-80.31068981,C.corindum,F,8.57,3.59,8.91,12.73,L,,03.23.2020,03.26.2020,AB,25.25647566,-80.31068981
160,126,set074-11-07-19-B2_126.txt,2,B,B-2,74,0.33,229.5,74.139,208.3,208.3,0.034,6665.7,0.483,,11.07,10:11am,M,Homestead,SW 296th St & 182nd Ave,K. elegans,Y,,B,bursts,,0.055,,,,25.491968,-80.48562,K.elegans,M,5.88,3.39,9.00,12.18,L,,03.20.2020,03.25.2020,AB,25.491968,-80.48562
186,235,set074-11-07-19-B2_235.txt,2,B,B-2,74,0.298,1366.4,30.787,163.8,708.8,0.151,9062.1,0.483,,11.07,10:49am,F,North Key Largo,Carysfort Cr,C. corindum ,Y,,B,bursts,,0.105,,Y,,25.25647566,-80.31068981,C.corindum,F,9.09,3.66,9.75,13.43,L,,03.23.2020,03.26.2020,AB,25.25647566,-80.31068981
212,92,set074-11-07-19-B3_92.txt,3,B,B-3,74,0,0,0,0,0,0,17300.0,0,,11.07,11:29am,M,Homestead,SW 296th St & 182nd Ave,K. elegans,N,,,,,0.044,,,,25.491968,-80.48562,K.elegans,M,5.92,3.19,8.71,11.52,L,,03.20.2020,03.25.2020,AB,25.491968,-80.48562
348,124,set074-11-07-19-B3_124.txt,3,B,B-3,74,0,0,0,0,0,0,6709.5,0,,11.07,10:12am,M,Homestead,SW 296th St & 182nd Ave,K. elegans,N,,,,,0.05,,,,25.491968,-80.48562,K.elegans,M,6.06,3.29,8.80,12.10,L,,03.20.2020,03.25.2020,AB,25.491968,-80.48562
5,259,set074-11-07-19-B4_259.txt,4,B,B-4,74,0,0,0,0,0,0,17300.0,0,,11.07,11:30am,M,North Key Largo,DD,C. corindum ,N,,,,,0.044,,,,25.28636983,-80.29077075,C.corindum,M,6.16,3.10,8.34,11.57,L,,03.23.2020,03.26.2020,AB,25.28636983,-80.29077075
58,257,set074-11-07-19-B4_257.txt,4,B,B-4,74,0.353,41.0,14.451,0,41.0,0.017,2347.0,0.483,P,11.07,9:00am,M,North Key Largo,DD,C. corindum ,Y,,B,bursts,,0.034,,,,25.28636983,-80.29077075,C.corindum,M,5.56,2.67,7.25,10.31,L,wings torn at end,03.23.2020,03.26.2020,AB,25.28636983,-80.29077075
217,103,set074-11-07-19-B4_103.txt,4,B,B-4,74,0.32,35.2,13.823,0,18.6,0.008,4620.1,0.524,,11.07,9:36am,M,Homestead,SW 296th St & 182nd Ave,K. elegans,Y,,B,bursts,,0.049,,,,25.491968,-80.48562,K.elegans,M,5.86,3.12,8.64,11.82,L,,03.20.2020,03.25.2020,AB,25.491968,-80.48562
295,50,set074-11-07-19-B4_50.txt,4,B,B-4,74,0,0,0,0,0,0,6767.1,0,,11.07,10:14am,M,Key Largo,JP Grove,C. corindum ,N,,,,,0.044,,,,25.12846,-80.40809,C.corindum,M,6.25,3.37,8.67,11.84,L,,03.19.2020,03.25.2020,AB,25.12846,-80.40809
315,90,set074-11-07-19-B4_90.txt,4,B,B-4,74,0,0,0,0,0,0,9127.1,0,P,11.07,10:50am,F,Homestead,SW 296th St & 182nd Ave,K. elegans,N,,,,,0.063,,,,25.491968,-80.48562,K.elegans,F,7.94,3.75,10.28,13.41,L,,03.20.2020,03.25.2020,AB,25.491968,-80.48562
237,96,set075-11-07-19-B2_96.txt,2,B,B-2,75,0.225,19.9,6.911,0,8.8,0.006,3532.8,0.349,,11.07,1:59pm,M,Homestead,SW 296th St & 182nd Ave,K. elegans,Y,,B,bursts,,0.048,,,,25.491968,-80.48562,K.elegans,M,5.69,3.10,8.70,11.60,L,,03.20.2020,03.25.2020,AB,25.491968,-80.48562
139,67,set075-11-07-19-B3_67.txt,3,B,B-3,75,0.287,892.7,6.911,0,880.8,0.253,3532.8,0.419,P,11.07,2:02pm,M,North Key Largo,Dagny Trellis,C. corindum ,Y,,B,bursts,,0.041,,,,25.1755048,-80.36782055,C.corindum,M,6.23,2.94,7.76,10.94,L,,03.20.2020,03.25.2020,AB,25.1755048,-80.36782055
59,257,set076-11-08-19-A1_257.txt,1,A,A-1,76,0.222,30.1,7.54,0,30.1,0.004,6721.1,0.273,P,11.08,10:16am,M,North Key Largo,DD,C. corindum ,Y,,B,bursts,,0.036,,,,25.28636983,-80.29077075,C.corindum,M,5.56,2.67,7.25,10.31,L,wings torn at end,03.23.2020,03.26.2020,AB,25.28636983,-80.29077075
243,136,set076-11-08-19-A1_136.txt,1,A,A-1,76,0,0,0.628,0,0,0,27049.6,0,,11.08,10:55am,M,Homestead,SW 296th St & 182nd Ave,K. elegans,Y,,B,bursts,,0.036,,,,25.491968,-80.48562,K.elegans,M,5.50,3.01,8.61,11.37,L,,03.20.2020,03.25.2020,AB,25.491968,-80.48562
248,152,set076-11-08-19-A1_152.txt,1,A,A-1,76,0.379,2239.0,794.799,0,1720.1,0.514,4355.3,0.571,,11.08,9:02am,M,Lake Wales,Polk,K. elegans,Y,,C,continuous,,0.043,,,9:54am,27.903346,-81.589461,K.elegans,M,6.16,3.22,8.75,11.93,L,,03.20.2020,03.25.2020,AB,27.903346,-81.589461
88,226,set076-11-08-19-A2_226.txt,2,A,A-2,76,0.218,199.1,6.911,167.2,167.2,0.007,27049.6,0.331,,11.08,10:18am,M,North Key Largo,Carysfort Cr,C. corindum ,Y,,B,bursts,,0.04,,,,25.25647566,-80.31068981,C.corindum,M,6.34,2.91,8.08,11.25,L,,03.23.2020,03.26.2020,AB,25.25647566,-80.31068981
168,288,set076-11-08-19-A2_288.txt,2,A,A-2,76,0.29,3438.7,906.637,0,3438.7,0.77,4463.4,0.483,P,11.08,9:03am,M,North Key Largo,DD,C. corindum ,Y,,BC,bursts to continuous,,0.039,,,10:05am,25.28636983,-80.29077075,C.corindum,M,5.94,3.07,7.99,10.94,L,,03.24.2020,03.26.2020,AB,25.28636983,-80.29077075
200,123,set076-11-08-19-A3_123.txt,3,A,A-3,76,0,0,0,0,0,0,2159.4,0,,11.08,9:04am,M,Homestead,SW 296th St & 182nd Ave,K. elegans,Y,,B,bursts,,0.043,,,,25.491968,-80.48562,K.elegans,M,6.12,3.26,9.14,12.22,L,,03.20.2020,03.25.2020,AB,25.491968,-80.48562
218,103,set076-11-08-19-A3_103.txt,3,A,A-3,76,0.62,137.6,73.511,97.7,97.7,0.005,27049.6,1.257,,11.08,10:18am,M,Homestead,SW 296th St & 182nd Ave,K. elegans,Y,,B,bursts,,0.048,,,,25.491968,-80.48562,K.elegans,M,5.86,3.12,8.64,11.82,L,,03.20.2020,03.25.2020,AB,25.491968,-80.48562
117,116,set076-11-08-19-B1_116.txt,1,B,B-1,76,0.106,0,1.885,0,0,0,7128.9,0,,11.08,10:20am,F,Homestead,SW 296th St & 182nd Ave,K. elegans,Y,,B,bursts,,0.036,,,,25.491968,-80.48562,K.elegans,M,6.08,3.05,8.29,11.20,L,,03.20.2020,03.25.2020,AB,25.491968,-80.48562
161,126,set076-11-08-19-B2_126.txt,2,B,B-2,76,0.266,2053.5,515.834,0,1059.9,0.288,7128.9,0.419,,11.08,10:21am,M,Homestead,SW 296th St & 182nd Ave,K. elegans,Y,,C,continuous,,0.055,,,11:04am,25.491968,-80.48562,K.elegans,M,5.88,3.39,9.00,12.18,L,,03.20.2020,03.25.2020,AB,25.491968,-80.48562
278,111,set076-11-08-19-B2_111.txt,2,B,B-2,76,0.346,758.2,17.592,132.2,599.5,0.168,4524.9,0.524,,11.08,9:42am,M,Homestead,SW 296th St & 182nd Ave,K. elegans,Y,,B,bursts,,0.043,,,,25.491968,-80.48562,K.elegans,M,5.38,3.00,8.22,10.99,L,,03.20.2020,03.25.2020,AB,25.491968,-80.48562
349,124,set076-11-08-19-B3_124.txt,3,B,B-3,76,0,0,1.257,0,0,0,7128.9,0,,11.08,10:21am,M,Homestead,SW 296th St & 182nd Ave,K. elegans,Y,,B,bursts,,0.054,,,,25.491968,-80.48562,K.elegans,M,6.06,3.29,8.80,12.10,L,,03.20.2020,03.25.2020,AB,25.491968,-80.48562
187,235,set076-11-08-19-B4_235.txt,4,B,B-4,76,0.319,78.2,26.389,0,30.6,0.011,7128.9,0.524,,11.08,10:22am,F,North Key Largo,Carysfort Cr,C. corindum ,Y,,B,bursts,,0.099,,Y,,25.25647566,-80.31068981,C.corindum,F,9.09,3.66,9.75,13.43,L,,03.23.2020,03.26.2020,AB,25.25647566,-80.31068981
227,129,set076-11-08-19-B4_129.txt,4,B,B-4,76,0.325,91.4,19.477,0,39.9,0.02,4602.5,0.524,,11.08,9:43am,M,Homestead,SW 296th St & 182nd Ave,K. elegans,Y,,B,bursts,,0.053,,,,25.491968,-80.48562,K.elegans,M,5.58,3.11,8.49,11.18,L,wings torn at end,03.20.2020,03.25.2020,AB,25.491968,-80.48562
67,139,set008-10-16-19-A1.txt,1,A,A-1,8,0.245,192.4,8.796,131.3,131.3,0.107,1800.0,0.449,Petri1,10.16,12:25,F,Lake Wales,Polk,K. elegans,N,,,,,,,Y,,27.903346,-81.589461,K.elegans,F,6.97,3.45,9.61,12.86,L,,03.20.2020,03.25.2020,AB,27.903346,-81.589461
70,407,set008-10-16-19-A3.txt,3,A,A-3,8,0,0,0,0,0,0,1800.0,0,D,10.16,12:25,M,Gainesville,NW 10th Ave & 18th St,K. elegans,N,,,,,,,,,29.661821,-82.347211,K.elegans,M,5.98,3.08,8.61,11.28,L,wings torn at end,03.24.2020,03.26.2020,AB,29.661821,-82.347211
71,191,set008-10-16-19-B1.txt,1,B,B-1,8,0,0,0,0,0,0,1800.0,0,E,10.16,12:25,M,North Key Largo,N. Dagny,C. corindum ,N,Y,,,,,,,,25.18229498,-80.36369887,C.corindum,M,6.03,3.04,8.25,11.01,L,,03.23.2020,03.26.2020,AB,25.18229498,-80.36369887
72,424,set009-10-17-19-A4.txt,4,A,A-4,9,0,0,0,0,0,0,1800.0,0,D,10.17,9:40,M,Gainesville,NW 10th Ave & 18th St,K. elegans,N,Y,,,,,,,,29.661821,-82.347211,K.elegans,M,5.60,3.41,9.25,12.19,L,,03.24.2020,03.26.2020,AB,29.661821,-82.347211
73,131,set009-10-17-19-B2.txt,2,B,B-2,9,0,0,0.628,0,0,0,1800.0,0,B,10.17,9:40,F,Homestead,SW 296th St & 182nd Ave,K. elegans,N,,,,,,,Y,,25.491968,-80.48562,K.elegans,F,7.97,3.91,9.98,13.19,L,,03.20.2020,03.25.2020,AB,25.491968,-80.48562
75,98,set009-10-17-19-B3.txt,3,B,B-3,9,0,0,0,0,0,0,1800.0,0,Petri1,10.17,9:40,F,Homestead,SW 296th St & 182nd Ave,K. elegans,N,,,,,,,Y,,25.491968,-80.48562,K.elegans,F,7.88,4.07,10.46,14.08,L,,03.20.2020,03.25.2020,AB,25.491968,-80.48562
