ID,box,test_date,time_start,set_number,chamber,sex,population,flew,died?,flight_type,flight_details,NOTES,filename,mass,short-wing?,eggs,time_end
329,C,10.15,11:30am,1,A-1,M,Lake Placid,Y,,C,continuous,,set001-11am-10-15-19-A1.txt,,,,
372,Petri2,10.15,11:30am,1,A-2,F,Leesburg,N,,,,,set001-11am-10-15-19-A2.txt,,,,
37,Petri1,10.15,11:30am,1,A-3,F,Key Largo,N,Y,,,,set001-11am-10-15-19-A3.txt,,,,
303,C,10.15,11:30am,1,A-4,F,Lake Placid,N,,,,,set001-11am-10-15-19-A4.txt,,,,
259,C,10.15,11:30am,1,B-1,M,North Key Largo,N,,,,,set001-11am-10-15-19-B1.txt,,,,
354,D,10.15,11:30am,1,B-3,F,Lake Placid,N,,,,,set001-11am-10-15-19-B3.txt,,,,
89,Petri1,10.15,11:30am,1,B-2,M,Homestead,Y,,C,,,set001-11am-10-15-19-B2.txt,,,,
158,D,10.15,11:30am,1,B-4,M,Lake Wales,N,,,,,set001-11am-10-15-19-B4.txt,,,,
349,D,10.15,12:10,2,A-1,M,Lake Placid,N,,,,no recordings,NA,,,,
265,C,10.15,12:10,2,A-2,F,North Key Largo,N,,,,no recordings,NA,,,,
282,C,10.15,12:10,2,A-3,M,North Key Largo,N,,,,no recordings,NA,,,,
242,Petri2,10.15,12:10,2,A-4,F,North Key Largo,N,,,,no recordings,NA,,,,
127,B,10.15,12:10,2,B-1,M,Homestead,N,,,,no recordings,NA,,,,
51,B,10.15,12:10,2,B-2,F,Key Largo,N,Y,,,no recordings,NA,,,,
118,A,10.15,12:10,2,B-3,F,Homestead,N,,,,no recordings,NA,,,,
112,A,10.15,12:10,2,B-4,F,Homestead,N,Y,,,no recordings,NA,,,,
30,A,10.15,12:45,3,A-1,F,Plantation Key,N,,,,,set003-10-15-19-A1.txt,,,,
141,Petri1,10.15,12:45,3,A-2,F,Lake Wales,N,Y,,,,set003-10-15-19-A2.txt,,,,
313,C,10.15,12:45,3,A-3,F,Lake Placid,Y,,B,bursts,,set003-10-15-19-A3.txt,,,,
82,B,10.15,12:45,3,A-4,M,North Key Largo,N,,,,,set003-10-15-19-A4.txt,,,,
402,Petri2,10.15,12:45,3,B-1,M,Gainesville,N,,,,,set003-10-15-19-B1.txt,,,,
86,B,10.15,12:45,3,B-2,M,North Key Largo,N,,,,,set003-10-15-19-B2.txt,,,,
58,B,10.15,12:45,3,B-3,F,Key Largo,N,,,,,set003-10-15-19-B3.txt,,,,
132,B,10.15,12:45,3,B-4,M,Homestead,Y,,C,continuous,struggled against gravity,set003-10-15-19-B4.txt,,,,
262,C,10.15,1:30,4,A-1,M,North Key Largo,Y,,B,,,set004-10-15-19-A1.txt,,,,
105,A,10:15,1:30,4,A-2,F,Homestead,N,,,,,set004-10-15-19-A2.txt,,,,
237,Petri2,10:15,1:30,4,A-3,F,North Key Largo,N,,,,,set004-10-15-19-A3.txt,,,,
328,C,10:15,1:30,4,A-4,F,Lake Placid,Y,,B,,,set004-10-15-19-A4.txt,,,,
99,Petri1,10.16,10:20,5,A-1,M,Homestead,Y,,C,continuous,,set005-10-16-19-A1.txt,,,,
346,D,10.16,10:20,5,A-2,M,Lake Placid,Y,,B,,,set005-10-16-19-A2.txt,,,,
201,E,10.16,10:20,5,A-3,M,North Key Largo,N,,,,,set005-10-16-19-A3.txt,,,,
238,Petri2,10.16,10:20,5,A-4,F,North Key Largo,N,,,,,set005-10-16-19-A4.txt,,,,
296,Petri2,10.16,10:20,5,B-1,F,Lake Placid,Y,,B,,,set005-10-16-19-B1.txt,,,,
255,E,10.16,10:20,5,B-2,M,North Key Largo,N,,,,,set005-10-16-19-B2.txt,,,,
110,A,10.16,10:20,5,B-3,F,Homestead,N,Y,,,,set005-10-16-19-B3.txt,,,,
383,D,10.16,10:20,5,B-4,M,Leesburg,N,Y,,,,set005-10-16-19-B4.txt,,,,
312,C,10.16,11:00,6,A-1,M,Lake Placid,Y,,B,,,set006-10-16-19-A1.txt,,,,
261,C,10.16,11:00,6,A-2,M,North Key Largo,Y,,C,continuous,,set006-10-16-19-A2.txt,,,,
405,Petri2,10.16,11:00,6,A-3,F,Gainesville,N,,,,,set006-10-16-19-A3.txt,,,,
113,A,10.16,11:00,6,A-4,M,Homestead,Y,,C,continous,,set006-10-16-19-A4.txt,,,,
47,B,10.16,11:00,6,B-1,M,Key Largo,N,,,,,set006-10-16-19-B1.txt,,,,
254,E,10.16,11:00,6,B-2,M,North Key Largo,N,,,,,set006-10-16-19-B2.txt,,,,
257,Petri2,10.16,11:00,6,B-3,M,North Key Largo,Y,,B,,,set006-10-16-19-B3.txt,,,,
15,A,10.16,11:00,6,B-4,M,Plantation Key,N,,,,,set006-10-16-19-B4.txt,,,,
253,E,10.16,11:50,7,A-1,F,North Key Largo,N,,,,,set007-10-16-19-A1.txt,,,,
373,Petri2,10.16,11:50,7,A-2,M,Leesburg,N,Y,,,,set007-10-16-19-A2.txt,,,,
31,A,10.16,11:50,7,A-3,M,Plantation Key,N,,,,,set007-10-16-19-A3.txt,,,,
223,E,10.16,11:50,7,A-4,F,North Key Largo,Y,,C,continuous,,set007-10-16-19-A4.txt,,,,
148,D,10.16,11:50,7,B-1,M,Lake Wales,N,,,,no recordings,NA,,,,
278,C,10.16,11:50,7,B-2,M,North Key Largo,N,,,,no recordings,NA,,,,
224,E,10.16,11:50,7,B-3,M,North Key Largo,N,,,,no recordings,NA,,,,
397,D,10.16,11:50,7,B-4,F,Gainesville,N,,,,no recordings,NA,,,,
139,Petri1,10.16,12:25,8,A-1,F,Lake Wales,N,,,,,set008-10-16-19-A1.txt,,,,
53,B,10.16,12:25,8,A-2,M,Key Largo,N,,,,,set008-10-16-19-A2.txt,,,,
407,D,10.16,12:25,8,A-3,M,Gainesville,N,,,,,set008-10-16-19-A3.txt,,,,
326,C,10.16,12:25,8,A-4,M,Lake Placid,Y,,B,,paint came off at 80%,set008-10-16-19-A4.txt,,,,
191,E,10.16,12:25,8,B-1,M,North Key Largo,N,Y,,,,set008-10-16-19-B1.txt,,,,
310,C,10.16,12:25,8,B-2,F,Lake Placid,N,,,,,set008-10-16-19-B2.txt,,,,
299,Petri2,10.16,12:25,8,B-3,M,Lake Placid,Y,,B,,,set008-10-16-19-B3.txt,,,,
334,D,10.17,9:40,9,A-1,M,Lake Placid,Y,,B,,paint came off at end,set009-10-17-19-A1.txt,,,,
198,E,10.17,9:40,9,A-2,F,North Key Largo,N,,,,,set009-10-17-19-A2.txt,,,,
295,Petri2,10.17,9:40,9,A-3,M,Lake Placid,Y,,C,continuous,,set009-10-17-19-A3.txt,,,,
424,D,10.17,9:40,9,A-4,M,Gainesville,N,Y,,,,set009-10-17-19-A4.txt,,,,
203,E,10.17,9:40,9,B-1,F,North Key Largo,N,,,,,set009-10-17-19-B1.txt,,,,
131,B,10.17,9:40,9,B-2,F,Homestead,N,,,,,set009-10-17-19-B2.txt,,,,
98,Petri1,10.17,9:40,9,B-3,F,Homestead,N,,,,,set009-10-17-19-B3.txt,,,,
300,C,10.17,9:40,9,B-4,M,Lake Placid,Y,,B,,paint came off at end,set009-10-17-19-B4.txt,,,,
279,C,10.17,10:30,10,A-1,M,North Key Largo,Y,,C,,,set010-10-17-19-A1.txt,,,,
318,C,10.17,10:30,10,A-2,M,Lake Placid,Y,,B,bursts,,set010-10-17-19-A2.txt,,,,
17,A,10.17,10:30,10,A-3,M,Plantation Key,N,,,,,set010-10-17-19-A3.txt,,,,
285,Petri2,10.17,10:30,10,A-4,F,North Key Largo,N,,,,,set010-10-17-19-A4.txt,,,,
202,E,10.17,10:30,10,B-1,F,North Key Largo,N,,,,no recording,NA,,,,
153,D,10.17,10:30,10,B-2,F,Lake Wales,N,,,,no recording,NA,,,,
333,C,10.17,10:30,10,B-3,F,Lake Placid,N,,,,no recording,NA,,,,
8,A,10.17,10:30,10,B-4,F,Plantation Key,N,,,,no recording,NA,,,,
217,E,10.17,11:20,11,A-1,F,North Key Largo,N,,,,no recording,NA,,,,
66,Petri1,10.17,11:20,11,A-2,F,North Key Largo,N,,,,no recording,NA,,,,
56,B,10.17,11:20,11,A-3,M,Key Largo,N,,,,no recording,NA,,,,
384,D,10.17,11:20,11,A-4,M,Leesburg,N,,,,no recording,NA,,,,
327,C,10.17,11:20,11,B-1,M,Lake Placid,N,Y,,,no recording,NA,,,,
283,C,10.17,11:20,11,B-2,F,North Key Largo,N,,,,no recording,NA,,,,
314,C,10.17,11:20,11,B-3,F,Lake Placid,N,,,,no recording,NA,,,,
410,D,10.17,11:20,11,B-4,F,Gainesville,N,,,,no recording,NA,,,,
332,C,10.17,12:20,12,A-1,M,Lake Placid,Y,,C,continuous,,set012-10-17-19-A1.txt,,,,
149,D,10.17,12:20,12,A-2,F,Lake Wales,N,,,,,set012-10-17-19-A2.txt,,,,
226,E,10.17,12:20,12,A-3,M,North Key Largo,Y,,B,bursts,,set012-10-17-19-A3.txt,,,,
287,Petri2,10.17,12:20,12,A-4,M,North Key Largo,N,,,,,set012-10-17-19-A4.txt,,,,
386,D,10.17,12:20,12,B-1,M,Leesburg,N,Y,,,,set012-10-17-19-B1.txt,,,,
101,A,10.17,12:20,12,B-2,M,Homestead,Y,,C,continuous,,set012-10-17-19-B2.txt,,,,
13,A,10.17,12:20,12,B-3,M,Plantation Key,N,,,,,set012-10-17-19-B3.txt,,,,
41,Petri1,10.17,12:20,12,B-4,M,Key Largo,N,,,,,set012-10-17-19-B4.txt,,,,
298,Petri2,10.17,1:25,13,A-1,F,Lake Placid,N,,,,,set013-10-17-19-A1.txt,,,,
64,B,10.17,1:25,13,A-2,F,Key Largo,N,,,,,set013-10-17-19-A2.txt,,,,
197,E,10.17,1:25,13,A-3,M,North Key Largo,Y,,B,,,set013-10-17-19-A3.txt,,,,
258,Petri2,10.17,1:25,13,A-4,M,North Key Largo,N,,,,,set013-10-17-19-A4.txt,,,,
339,D,10.17,1:25,13,B-3,M,Lake Placid,Y,,C,,,set013-10-17-19-B3.txt,,,,
390,,10.17,1:25,13,B-2,M,Leesburg,N,,,,,set013-10-17-19-B2.txt,,,,
321,C,10.17,1:25,13,B-1,M,Lake Placid,N,,,,,set013-10-17-19-B1.txt,,,,
33,A,10.17,1:25,13,B-4,M,Plantation Key,N,Y,,,,set013-10-17-19-B4.txt,,,,
21,A,10.17,2:20,14,A-1,M,Plantation Key,N,,,,,set014-10-17-19-A1.txt,,,,
264,C,10.17,2:20,14,A-2,M,North Key Largo,N,,,,,set014-10-17-19-A2.txt,,,,
269,C,10.17,2:20,14,A-3,M,North Key Largo,N,,,,,set014-10-17-19-A3.txt,,,,
155,D,10.17,2:20,14,A-4,M,Lake Wales,Y,,B,bursts,,set014-10-17-19-A4.txt,,,,
381,D,10.17,2:20,14,B-1,F,Leesburg,N,,,,,set014-10-17-19-B1.txt,,,,
387,D,10.17,2:20,14,B-2,F,Leesburg,Y,,B,bursts,,set014-10-17-19-B2.txt,,,,
68,Petri1,10.17,2:20,14,B-3,M,North Key Largo,Y,,,,,set014-10-17-19-B3.txt,,,,
116,A,10.17,2:20,14,B-4,F,Homestead,Y,,B,long bursts,,set014-10-17-19-B4.txt,,,,
124,A,10.18,10:05,15,A-1,M,Homestead,N,,,,no recording,NA,,,,
35,A,10.18,10:05,15,A-2,M,Plantation Key,N,,,,no recording,NA,,,,
26,A,10.18,10:05,15,A-3,M,Plantation Key,N,,,,no recording,NA,,,,
135,B,10.18,10:05,15,A-4,F,Homestead,N,,,,no recording,NA,,,,
280,C,10.18,10:05,15,B-1,M,North Key Largo,N,,,,no recording,NA,,,,
195,E,10.18,10:05,15,B-2,M,North Key Largo,N,,,,no recording,NA,,,,
256,E,10.18,10:05,15,B-3,F,North Key Largo,N,,,,no recording,NA,,,,
62,B,10.18,10:05,15,B-4,F,Key Largo,N,,,,no recording,NA,,,,
229,E,10.18,10:55,16,A-1,F,North Key Largo,N,,,,,set016-10-18-19-A1.txt,,,,
275,C,10.18,10:55,16,A-2,F,North Key Largo,N,,,,,set016-10-18-19-A2.txt,,,,
125,B,10.18,10:55,16,A-3,M,Homestead,Y,,B,bursts,,set016-10-18-19-A3.txt,,,,
120,A,10.18,10:55,16,A-4,M,Homestead,Y,,B,bursts,,set016-10-18-19-A4.txt,,,,
74,B,10.18,10:55,16,B-1,F,North Key Largo,N,,,,no recording,NA,,,,
146,Petri1,10.18,10:55,16,B-2,M,Lake Wales,N,,,,no recording,NA,,,,
250,E,10.18,10:55,16,B-3,F,North Key Largo,N,,,,no recording,NA,,,,
180,Petri1,10.18,10:55,16,B-4,M,North Key Largo,N,,,,no recording,NA,,,,
375,Petri2,10.18,11:45,17,A-1,F,Leesburg,N,,,,,set017-10-18-19-A1.txt,,,,
69,Petri1,10.18,11:45,17,A-3,F,North Key Largo,N,,,,,set017-10-18-19-A3.txt,,,,
67,Petri1,10.18,11:45,17,A-4,M,North Key Largo,Y,,B,bursts,,set017-10-18-19-A4.txt,,,,
331,C,10.18,11:45,17,A-2,F,Lake Placid,N,,,,,set017-10-18-19-A2.txt,,,,
187,B,10.18,11:45,17,B-1,F,North Key Largo,N,,,,,set017-10-18-19-B1.txt,,,,
416,D,10.18,11:45,17,B-2,F,Gainesville,Y,,B,bursts,,set017-10-18-19-B2.txt,,,,
95,A,10.18,11:45,17,B-3,F,Homestead,Y,,C,continuous,,set017-10-18-19-B3.txt,,,,
102,A,10.18,11:45,17,B-4,F,Homestead,N,,,,,set017-10-18-19-B4.txt,,,,
34,A,10.18,1:30,18,A-1,F,Plantation Key,N,,,,,set018-10-18-19-A1.txt,,,,
249,E,10.18,1:30,18,A-2,F,North Key Largo,N,,,,,set018-10-18-19-A2.txt,,,,
126,B,10.18,1:30,18,A-3,M,Homestead,Y,,C,,,set018-10-18-19-A3.txt,,,,
190,E,10.18,1:30,18,A-4,M,North Key Largo,N,,,,,set018-10-18-19-A4.txt,,,,
288,Petri2,10.18,1:30,18,B-1,M,North Key Largo,Y,,B,bursts,,set018-10-18-19-B1.txt,,,,
290,Petri2,10.18,1:30,18,B-2,M,Lake Placid,N,Y,,,,set018-10-18-19-B2.txt,,,,
39,Petri1,10.18,1:30,18,B-3,F,Key Largo,N,,,,,set018-10-18-19-B3.txt,,,,
78,B,10.18,1:30,18,B-4,M,North Key Largo,N,,,,,set018-10-18-19-B4.txt,,,,
221,E,10.18,2:15,19,A-1,F,North Key Largo,N,,,,,set019-10-18-19-A1.txt,,,,
81,B,10.18,2:15,19,A-2,M,North Key Largo,N,,,,,set019-10-18-19-A2.txt,,,,
302,C,10.18,2:15,19,A-3,F,Lake Placid,Y,,C,continuous,,set019-10-18-19-A3.txt,,,,
271,C,10.18,2:15,19,A-4,M,North Key Largo,N,,,,,set019-10-18-19-A4.txt,,,,
85,B,10.18,2:15,19,B-1,F,North Key Largo,Y,,B,bursts,,set019-10-18-19-B1.txt,,,,
109,A,10.18,2:15,19,B-2,F,Homestead,Y,,B,bursts,,set019-10-18-19-B2.txt,,,,
351,D,10.18,2:15,19,B-3,M,Lake Placid,Y,,C,continuous,,set019-10-18-19-B3.txt,,,,
235,E,10.18,2:15,19,B-4,F,North Key Largo,Y,,C,continuous,,set019-10-18-19-B4.txt,,,,
73,B,10.18,3:00,20,A-1,M,North Key Largo,N,,,,,set020-10-18-19-A1.txt,,,,
49,A,10.18,3:00,20,A-2,M,Key Largo,Y,,C,continuous,,set020-10-18-19-A2.txt,,,,
123,A,10.18,3:00,20,A-3,M,Homestead,N,,,,,set020-10-18-19-A3.txt,,,,
239,Petri2,10.18,3:00,20,A-4,F,North Key Largo,N,,,,,set020-10-18-19-A4.txt,,,,
108,A,10.18,3:00,20,B-1,F,Homestead,N,,,,,set020-10-18-19-B1.txt,,,,
276,C,10.18,3:00,20,B-2,M,North Key Largo,Y,,C,,started halfway through,set020-10-18-19-B2.txt,,,,
92,A,10.18,3:00,20,B-3,M,Homestead,N,,,,,set020-10-18-19-B3.txt,,,,
103,A,10.18,3:00,20,B-4,M,Homestead,Y,,B,bursts,,set020-10-18-19-B4.txt,,,,
421,D,10.21,9:00,21,A-1,M,Gainesville,N,,,,,set021-10-21-19-A1.txt,,,,
129,B,10.21,9:00,21,A-2,M,Homestead,Y,,C,continuous,,set021-10-21-19-A2.txt,,,,
335,D,10.21,9:00,21,A-3,F,Lake Placid,N,,,,,set021-10-21-19-A3.txt,,,,
413,D,10.21,9:00,21,A-4,F,Gainesville,N,,,,,set021-10-21-19-A4.txt,,,,
128,B,10.21,9:00,21,B-1,M,Homestead,N,,,,,set021-10-21-19-B1.txt,,,,
208,E,10.21,9:00,21,B-2,F,North Key Largo,N,,,,,set021-10-21-19-B2.txt,,,,
156,D,10.21,9:00,21,B-3,F,Lake Wales,N,,,,,set021-10-21-19-B3.txt,,,,
96,A,10.21,9:00,21,B-4,M,Homestead,Y,,C,continuous,,set021-10-21-19-B4.txt,,,,
136,B,10.21,10:00,22,A-1,M,Homestead,Y,,B,bursts,paint came off at 40%,set022-10-21-19-A1.txt,,,,
214,E,10.21,10:00,22,A-2,M,North Key Largo,N,,,,,set022-10-21-19-A2.txt,,,,
152,D,10.21,10:00,22,A-3,M,Lake Wales,Y,,B,bursts,,set022-10-21-19-A3.txt,,,,
330,C,10.21,10:00,22,A-4,M,Lake Placid,Y,,C,continuous,,set022-10-21-19-A4.txt,,,,
134,B,10.21,10:00,22,B-1,M,Homestead,Y,,B,bursts,,set022-10-21-19-B1.txt,,,,
272,C,10.21,10:00,22,B-2,F,North Key Largo,N,Y,,,"died immediately after trial, should probably be excluded",set022-10-21-19-B2.txt,,,,
204,E,10.21,10:00,22,B-3,M,North Key Largo,N,,,,,set022-10-21-19-B3.txt,,,,
391,Petri1,10.21,10:00,22,B-4,M,Leesburg,N,,,,,set022-10-21-19-B4.txt,,,,
48,A,10.21,10:40,23,A-1,F,Key Largo,N,,,,,set023-10-21-19-A1.txt,,,,
205,E,10.21,10:40,23,A-2,M,North Key Largo,N,,,,,set023-10-21-19-A2.txt,,,,
348,D,10.21,10:40,23,A-3,M,Lake Placid,Y,,C,,,set023-10-21-19-A3.txt,,,,
234,E,10.21,10:40,23,A-4,F,North Key Largo,N,,,,,set023-10-21-19-A4.txt,,,,
320,C,10.21,10:40,23,B-1,F,Lake Placid,N,,,,,set023-10-21-19-B1.txt,,,,
263,C,10.21,10:40,23,B-2,F,North Key Largo,N,,,,,set023-10-21-19-B2.txt,,,,
376,D,10.21,10:40,23,B-3,F,Leesburg,Y,,C,continuous,,set023-10-21-19-B3.txt,,,,
408,D,10.21,10:40,23,B-4,M,Gainesville,N,,,,,set023-10-21-19-B4.txt,,,,
54,B,10.21,11:20,24,A-1,M,Key Largo,Y,,B,bursts,non-J.haematoloma,set024-10-21-19-A1.txt,,,,
76,B,10.21,11:20,24,A-2,F,North Key Largo,N,,,,,set024-10-21-19-A2.txt,,,,
189,E,10.21,11:20,24,A-3,M,North Key Largo,N,,,,,set024-10-21-19-A3.txt,,,,
270,C,10.21,11:20,24,A-4,F,North Key Largo,N,,,,,set024-10-21-19-A4.txt,,,,
114,A,10.21,11:20,24,B-1,M,Homestead,N,,,,no recording,NA,,,,
210,E,10.21,11:20,24,B-2,M,North Key Largo,N,,,,no recording,NA,,,,
107,A,10.21,11:20,24,B-3,F,Homestead,N,,,,no recording,NA,,,,
306,C,10.21,11:20,24,B-4,F,Lake Placid,N,,,,no recording,NA,,,,
286,Petri2,10.21,12:00,25,A-1,M,North Key Largo,Y,,C,continuous,,set025-10-21-19-A1.txt,,,,
417,D,10.21,12:00,25,A-2,M,Gainesville,N,,,,,set025-10-21-19-A2.txt,,,,
308,C,10.21,12:00,25,A-3,M,Lake Placid,Y,,B,bursts,,set025-10-21-19-A3.txt,,,,
154,D,10.21,12:00,25,A-4,F,Lake Wales,N,,,,,set025-10-21-19-A4.txt,,,,
315,C,10.21,12:00,25,B-1,F,Lake Placid,N,,,,no recording,NA,,,,
406,D,10.21,12:00,25,B-2,M,Gainesville,N,,,,no recording,NA,,,,
420,D,10.21,12:00,25,B-3,M,Gainesville,NA,,,,no recording; paint came off pre-trail,NA,,,,
392,Petri1,10.21,12:00,25,B-4,F,Leesburg,N,,,,no recording,NA,,,,
111,A,10.21,12:35,26,A-1,M,Homestead,Y,,B,bursts,,set026-10-21-19-A1.txt,,,,
91,Petri1,10.21,12:35,26,A-2,M,Homestead,Y,,C,continuous,,set026-10-21-19-A2.txt,,,,
404,Petri2,10.21,12:35,26,A-3,F,Gainesville,Y,,B,bursts,,set026-10-21-19-A3.txt,,,,
353,D,10.21,12:35,26,A-4,M,Lake Placid,N,,,,,set026-10-21-19-A4.txt,,,,
325,C,10.21,12:35,26,B-1,F,Lake Placid,N,,,,no recording,NA,,,,
196,E,10.21,12:35,26,B-2,F,North Key Largo,N,,,,no recording,NA,,,,
399,D,10.21,12:35,26,B-3,F,Gainesville,N,,,,no recording,NA,,,,
142,Petri1,10.21,12:35,26,B-4,F,Lake Wales,N,,,,no recording,NA,,,,
159,D,10.21,1:10,27,A-1,M,Lake Wales,N,,,,,set027-10-21-19-A1.txt,,,,
46,A,10.21,1:10,27,A-2,F,Key Largo,N,,,,,set027-10-21-19-A2.txt,,,,
50,B,10.21,1:10,27,A-3,M,Key Largo,Y,,B,bursts,,set027-10-21-19-A3.txt,,,,
84,B,10.21,1:10,27,A-4,M,North Key Largo,Y,,B,bursts,,set027-10-21-19-A4.txt,,,,
12,A,10.21,1:10,27,B-1,F,Plantation Key,N,,,,,set027-10-21-19-B1.txt,,,,
213,E,10.21,1:10,27,B-2,M,North Key Largo,N,,,,,set027-10-21-19-B2.txt,,,,
16,A,10.21,1:10,27,B-3,F,Plantation Key,N,,,,,set027-10-21-19-B3.txt,,,,
183,Petri1,10.21,1:10,27,B-4,M,North Key Largo,Y,,B,bursts,,set027-10-21-19-B4.txt,,,,
18,A,10.21,3:25,28,A-1,M,Plantation Key,N,,,,,set028-10-21-19-A1.txt,,,,
59,B,10.21,3:25,28,A-2,M,Key Largo,N,,,,,set028-10-21-19-A2.txt,,,,
337,D,10.21,3:25,28,A-3,M,Lake Placid,N,,,,,set028-10-21-19-A3.txt,,,,
319,C,10.21,3:25,28,A-4,F,Lake Placid,Y,,C,continuous,,set028-10-21-19-A4.txt,,,,
311,C,10.21,3:25,28,B-1,M,Lake Placid,Y,,B,bursts,,set028-10-21-19-B1.txt,,,,
245,E,10.21,3:25,28,B-2,F,North Key Largo,N,,,,,set028-10-21-19-B2.txt,,,,
252,E,10.21,3:25,28,B-3,F,North Key Largo,N,,,,,set028-10-21-19-B3.txt,,,,
284,C,10.21,3:25,28,B-4,M,North Key Largo,N,,,,,set028-10-21-19-B4.txt,,,,
323,C,10.21,4:10,29,A-1,M,Lake Placid,Y,,C,continuous,,set029-10-21-19-A1.txt,,,,
90,Petri1,10.21,4:10,29,A-2,F,Homestead,Y,,B,bursts,,set029-10-21-19-A2.txt,,,,
340,D,10.21,4:10,29,A-3,F,Lake Placid,N,,,,,set029-10-21-19-A3.txt,,,,
65,B,10.21,4:10,29,A-4,F,Key Largo,N,,,,,set029-10-21-19-A4.txt,,,,
336,D,10.21,4:10,29,B-1,F,Lake Placid,Y,,B,bursts,,set029-10-21-19-B1.txt,,,,
343,D,10.21,4:10,29,B-2,M,Lake Placid,N,,,,,set029-10-21-19-B2.txt,,,,
409,D,10.21,4:10,29,B-3,M,Gainesville,N,,,,,set029-10-21-19-B3.txt,,,,
342,D,10.21,4:10,29,B-4,F,Lake Placid,N,,,,,set029-10-21-19-B4.txt,,,,
119,A,10.21,4:50,30,A-1,M,Homestead,N,,,,,set030-10-21-19-A1.txt,,,,
2,Petri1,10.21,4:50,30,A-2,F,Plantation Key,N,,,,,set030-10-21-19-A2.txt,,,,
380,D,10.21,4:50,30,A-3,F,Leesburg,Y,,C,continuous,,set030-10-21-19-A3.txt,,,,
147,Petri1,NA,NA,NA,NA,F,Lake Wales,NA,Y,,,,NA,,,,
374,Petri2,NA,NA,NA,NA,F,Leesburg,NA,Y,,,,NA,,,,
267,C,NA,NA,NA,NA,M,North Key Largo,NA,Y,,,,NA,,,,
403,Petri2,NA,NA,NA,NA,F,Gainesville,NA,Y,,,,NA,,,,
228,E,NA,NA,NA,NA,F,North Key Largo,NA,Y,,,,NA,,,,
345,D,NA,NA,NA,NA,M,Lake Placid,NA,Y,,,,NA,,,,
215,E,NA,NA,NA,NA,M,North Key Largo,NA,Y,,,,NA,,,,
57,B,NA,NA,NA,NA,M,Key Largo,NA,Y,,,,NA,,,,
140,Petri1,NA,NA,NA,NA,M,Lake Wales,NA,Y,,,,NA,,,,
72,B,NA,NA,NA,NA,M,North Key Largo,NA,Y,,,,NA,,,,
206,E,NA,NA,NA,NA,M,North Key Largo,NA,Y,,,,NA,,,,
297,Petri2,NA,NA,NA,NA,M,Lake Placid,NA,Y,,,,NA,,,,
411,D,NA,NA,NA,NA,F,Gainesville,NA,Y,,,,NA,,,,
246,E,NA,NA,NA,NA,F,North Key Largo,NA,Y,,,,NA,,,,
1,Petri1,NA,NA,NA,NA,F,Plantation Key,NA,Y,,,,NA,,,,
418,D,NA,NA,NA,NA,M,Gainesville,NA,Y,,,,NA,,,,
394,,NA,NA,NA,NA,F,Leesburg,NA,Y,,,,NA,,,,
22,A,NA,NA,NA,NA,M,Plantation Key,NA,Y,,,,NA,,,,
212,E,NA,NA,NA,NA,M,North Key Largo,NA,Y,,,,NA,,,,
194,E,NA,NA,NA,NA,M,North Key Largo,NA,Y,,,,NA,,,,
293,Petri2,NA,NA,NA,NA,F,Lake Placid,NA,Y,,,,NA,,,,
42,Petri1,NA,NA,NA,NA,F,Key Largo,NA,Y,,,,NA,,,,
83,B,NA,NA,NA,NA,M,North Key Largo,NA,Y,,,,NA,,,,
370,Petri2,NA,NA,NA,NA,M,Leesburg,NA,Y,,,,NA,,,,
188,B,NA,NA,NA,NA,M,North Key Largo,NA,Y,,,,NA,,,,
24,A,NA,NA,NA,NA,M,Plantation Key,NA,Y,,,,NA,,,,
244,Petri2,NA,NA,NA,NA,F,North Key Largo,NA,Y,,,,NA,,,,
32,A,NA,NA,NA,NA,F,Plantation Key,NA,Y,,,,NA,,,,
305,C,NA,NA,NA,NA,F,Lake Placid,NA,Y,,,,NA,,,,
233,E,NA,NA,NA,NA,F,North Key Largo,NA,Y,,,,NA,,,,
344,D,NA,NA,NA,NA,M,Lake Placid,NA,Y,,,,NA,,,,
7,Petri1,NA,NA,NA,NA,M,Plantation Key,NA,Y,,,,NA,,,,
341,D,NA,NA,NA,NA,M,Lake Placid,NA,Y,,,,NA,,,,
289,Petri2,NA,NA,NA,NA,F,North Key Largo,NA,Y,,,,NA,,,,
294,Petri2,NA,NA,NA,NA,M,Lake Placid,NA,Y,,,,NA,,,,
268,C,NA,NA,NA,NA,M,North Key Largo,NA,Y,,,,NA,,,,
137,Petri1,NA,NA,NA,NA,M,Lake Wales,NA,Y,,,,NA,,,,
281,C,NA,NA,NA,NA,F,North Key Largo,NA,Y,,,,NA,,,,
63,B,NA,NA,NA,NA,F,Key Largo,NA,Y,,,,NA,,,,
144,Petri1,NA,NA,NA,NA,F,Lake Wales,NA,Y,,,,NA,,,,
104,A,NA,NA,NA,NA,F,Homestead,NA,Y,,,,NA,,,,
266,C,NA,NA,NA,NA,F,North Key Largo,NA,Y,,,,NA,,,,
378,D,NA,NA,NA,NA,M,Leesburg,NA,Y,,,,NA,,,,
227,E,NA,NA,NA,NA,F,North Key Largo,NA,Y,,,,NA,,,,
40,Petri1,NA,NA,NA,NA,M,Key Largo,NA,Y,,,,NA,,,,
209,E,NA,NA,NA,NA,F,North Key Largo,NA,Y,,,,NA,,,,
207,E,NA,NA,NA,NA,M,North Key Largo,NA,Y,,,,NA,,,,
350,D,NA,NA,NA,NA,F,Lake Placid,NA,Y,,,,NA,,,,
347,D,NA,NA,NA,NA,M,Lake Placid,NA,Y,,,,NA,,,,
379,D,NA,NA,NA,NA,F,Leesburg,NA,Y,,,,NA,,,,
277,C,NA,NA,NA,NA,M,North Key Largo,NA,Y,,,,NA,,,,
371,Petri2,NA,NA,NA,NA,M,Leesburg,NA,Y,,,,NA,,,,
211,E,NA,NA,NA,NA,M,North Key Largo,NA,Y,,,,NA,,,,
178,B,NA,NA,NA,NA,F,North Key Largo,NA,Y,,,,NA,,,,
106,A,NA,NA,NA,NA,F,Homestead,NA,Y,,,,NA,,,,
14,A,NA,NA,NA,NA,F,Plantation Key,NA,Y,,,,NA,,,,
3,Petri1,NA,NA,NA,NA,M,Plantation Key,NA,Y,,,,NA,,,,
181,Petri1,NA,NA,NA,NA,F,North Key Largo,NA,Y,,,,NA,,,,
185,B,NA,NA,NA,NA,M,North Key Largo,NA,Y,,,,NA,,,,
218,E,NA,NA,NA,NA,F,North Key Largo,NA,Y,,,,NA,,,,
216,E,NA,NA,NA,NA,M,North Key Largo,NA,Y,,,,NA,,,,
385,D,NA,NA,NA,NA,F,Leesburg,NA,Y,,,,NA,,,,
19,A,NA,NA,NA,NA,F,Plantation Key,NA,Y,,,,NA,,,,
27,A,NA,NA,NA,NA,M,Plantation Key,NA,Y,,,,NA,,,,
240,Petri2,NA,NA,NA,NA,M,North Key Largo,NA,Y,,,,NA,,,,
398,D,NA,NA,NA,NA,F,Gainesville,NA,Y,,,,NA,,,,
401,Petri2,NA,NA,NA,NA,M,Gainesville,NA,Y,,,,NA,,,,
94,A,NA,NA,NA,NA,F,Homestead,NA,Y,,,,NA,,,,
419,D,NA,NA,NA,NA,M,Gainesville,NA,Y,,,,NA,,,,
219,E,NA,NA,NA,NA,F,North Key Largo,NA,Y,,,,NA,,,,
307,C,NA,NA,NA,NA,M,Lake Placid,NA,Y,,,,NA,,,,
23,A,NA,NA,NA,NA,F,Plantation Key,NA,Y,,,,NA,,,,
182,Petri1,NA,NA,NA,NA,M,North Key Largo,NA,Y,,,,NA,,,,
274,C,NA,NA,NA,NA,F,North Key Largo,NA,Y,,,,NA,,,,
422,D,NA,NA,NA,NA,M,Gainesville,NA,Y,,,,NA,,,,
117,A,NA,NA,NA,NA,F,Homestead,NA,Y,,,,NA,,,,
43,Petri1,NA,NA,NA,NA,M,Key Largo,NA,Y,,,,NA,,,,
414,D,NA,NA,NA,NA,F,Gainesville,NA,Y,,,,NA,,,,
115,A,NA,NA,NA,NA,F,Homestead,NA,Y,,,,NA,,,,
160,D,NA,NA,NA,NA,F,Lake Wales,NA,Y,,,,NA,,,,
4,Petri1,NA,NA,NA,NA,M,Plantation Key,NA,Y,,,,NA,,,,
309,C,NA,NA,NA,NA,M,Lake Placid,NA,Y,,,,NA,,,,
77,B,NA,NA,NA,NA,F,North Key Largo,NA,Y,,,,NA,,,,
412,D,NA,NA,NA,NA,M,Gainesville,NA,Y,,,,NA,,,,
29,A,NA,NA,NA,NA,M,Plantation Key,NA,Y,,,,NA,,,,
317,C,NA,NA,NA,NA,M,Lake Placid,NA,Y,,,,NA,,,,
248,E,NA,NA,NA,NA,M,North Key Largo,NA,Y,,,,NA,,,,
382,D,NA,NA,NA,NA,F,Leesburg,NA,Y,,,,NA,,,,
236,E,NA,NA,NA,NA,F,North Key Largo,NA,Y,,,,NA,,,,
388,Petri1,NA,NA,NA,NA,M,Leesburg,NA,Y,,,,NA,,,,
75,B,NA,NA,NA,NA,M,North Key Largo,NA,Y,,,,NA,,,,
389,Petri1,NA,NA,NA,NA,F,Leesburg,NA,Y,,,,NA,,,,
232,E,NA,NA,NA,NA,F,North Key Largo,NA,Y,,,,NA,,,,
88,B,NA,NA,NA,NA,F,North Key Largo,NA,Y,,,,NA,,,,
5,Petri1,NA,NA,NA,NA,F,Plantation Key,NA,Y,,,,NA,,,,
36,A,NA,NA,NA,NA,F,Plantation Key,NA,Y,,,,NA,,,,
304,C,NA,NA,NA,NA,F,Lake Placid,NA,Y,,,,NA,,,,
20,A,NA,NA,NA,NA,M,Plantation Key,NA,Y,,,,NA,,,,
231,E,NA,NA,NA,NA,M,North Key Largo,NA,Y,,,,NA,,,,
423,D,NA,NA,NA,NA,M,Gainesville,NA,Y,,,,NA,,,,
322,C,NA,NA,NA,NA,F,Lake Placid,NA,Y,,,,NA,,,,
251,E,NA,NA,NA,NA,M,North Key Largo,NA,Y,,,,NA,,,,
199,E,NA,NA,NA,NA,F,North Key Largo,NA,Y,,,,NA,,,,
130,B,NA,NA,NA,NA,M,Homestead,NA,Y,,,,NA,,,,
292,Petri2,NA,NA,NA,NA,F,Lake Placid,NA,Y,,,,NA,,,,
10,A,NA,NA,NA,NA,M,Plantation Key,NA,Y,,,,NA,,,,
11,A,NA,NA,NA,NA,M,Plantation Key,NA,Y,,,,NA,,,,
61,B,NA,NA,NA,NA,M,Key Largo,NA,Y,,,,NA,,,,
79,B,NA,NA,NA,NA,M,North Key Largo,NA,Y,,,,NA,,,,
52,B,NA,NA,NA,NA,F,Key Largo,NA,Y,,,,NA,,,,
151,D,NA,NA,NA,NA,F,Lake Wales,NA,Y,,,,NA,,,,
157,D,NA,NA,NA,NA,M,Lake Wales,NA,Y,,,,NA,,,,
222,E,NA,NA,NA,NA,M,North Key Largo,NA,Y,,,,NA,,,,
45,A,NA,NA,NA,NA,M,Key Largo,NA,Y,,,,NA,,,,
38,Petri1,NA,NA,NA,NA,F,Key Largo,NA,Y,,,,NA,,,,
55,B,NA,NA,NA,NA,M,Key Largo,NA,Y,,,,NA,,,,
377,D,NA,NA,NA,NA,M,Leesburg,NA,Y,,,,NA,,,,
225,E,NA,NA,NA,NA,F,North Key Largo,NA,Y,,,,NA,,,,
28,A,NA,NA,NA,NA,F,Plantation Key,NA,Y,,,,NA,,,,
60,B,NA,NA,NA,NA,F,Key Largo,NA,Y,,,,NA,,,,
121,A,NA,NA,NA,NA,F,Homestead,NA,Y,,,,NA,,,,
260,C,NA,NA,NA,NA,M,North Key Largo,NA,Y,,,,NA,,,,
93,A,NA,NA,NA,NA,M,Homestead,NA,Y,,,,NA,,,,
6,Petri1,NA,NA,NA,NA,F,Plantation Key,NA,Y,,,,NA,,,,
143,Petri1,NA,NA,NA,NA,M,Lake Wales,NA,Y,,,,NA,,,,
80,B,NA,NA,NA,NA,F,North Key Largo,NA,Y,,,,NA,,,,
200,E,NA,NA,NA,NA,M,North Key Largo,NA,Y,,,,NA,,,,
415,D,NA,NA,NA,NA,M,Gainesville,NA,Y,,,,NA,,,,
193,E,NA,NA,NA,NA,M,North Key Largo,NA,Y,,,,NA,,,,
177,B,NA,NA,NA,NA,F,North Key Largo,NA,Y,,,,NA,,,,
97,Petri1,NA,NA,NA,NA,F,Homestead,NA,Y,,,,NA,,,,
393,Petri1,NA,NA,NA,NA,M,Leesburg,NA,Y,,,,NA,,,,
316,C,NA,NA,NA,NA,F,Lake Placid,NA,Y,,,,NA,,,,
133,B,NA,NA,NA,NA,M,Homestead,NA,Y,,,,NA,,,,
273,C,NA,NA,NA,NA,M,North Key Largo,NA,Y,,,,NA,,,,
25,A,NA,NA,NA,NA,M,Plantation Key,NA,Y,,,,NA,,,,
44,A,NA,NA,NA,NA,M,Key Largo,NA,Y,,,,NA,,,,
338,D,NA,NA,NA,NA,F,Lake Placid,NA,Y,,,,NA,,,,
145,Petri1,NA,NA,NA,NA,M,Lake Wales,NA,Y,,,,NA,,,,
184,B,NA,NA,NA,NA,M,North Key Largo,NA,Y,,,,NA,,,,
71,B,NA,NA,NA,NA,F,North Key Largo,NA,Y,,,,NA,,,,
100,A,NA,NA,NA,NA,M,Homestead,NA,Y,,,,NA,,,,
352,D,NA,NA,NA,NA,M,Lake Placid,NA,Y,,,,NA,,,,
230,E,NA,NA,NA,NA,M,North Key Largo,NA,Y,,,,NA,,,,
150,D,NA,NA,NA,NA,F,Lake Wales,NA,Y,,,,NA,,,,
291,Petri2,NA,NA,NA,NA,M,Lake Placid,NA,Y,,,,NA,,,,
70,B,NA,NA,NA,NA,F,North Key Largo,NA,Y,,,,NA,,,,
9,A,NA,NA,NA,NA,F,Plantation Key,NA,Y,,,,NA,,,,
247,E,NA,NA,NA,NA,M,North Key Largo,NA,Y,,,,NA,,,,
324,C,NA,NA,NA,NA,F,Lake Placid,NA,Y,,,,NA,,,,
87,B,NA,NA,NA,NA,M,North Key Largo,NA,Y,,,,NA,,,,
179,B,NA,NA,NA,NA,M,North Key Largo,NA,Y,,,,NA,,,,
301,C,NA,NA,NA,NA,F,Lake Placid,NA,Y,,,,NA,,,,
243,Petri2,NA,NA,NA,NA,M,North Key Largo,NA,Y,,,,NA,,,,
138,Petri1,NA,NA,NA,NA,F,Lake Wales,NA,Y,,,,NA,,,,
192,E,NA,NA,NA,NA,M,North Key Largo,NA,Y,,DNA,,NA,,,,
186,B,NA,NA,NA,NA,F,North Key Largo,NA,Y,,,,NA,,,,
400,D,NA,NA,NA,NA,F,Gainesville,NA,Y,,,,NA,,,,
220,E,NA,NA,NA,NA,F,North Key Largo,NA,Y,,DNA,,NA,,,,
122,A,NA,NA,NA,NA,M,Homestead,NA,Y,,,,NA,,,,
241,Petri2,NA,NA,NA,NA,M,North Key Largo,NA,Y,,,,NA,,,,
245,,10.23,9:00am,31,A-1,,North Key Largo,N,Y,,,,set031-10-23-19-A1.txt,,N,,
333,,10.23,9:00am,31,A-2,,Lake Placid,N,,,,,set031-10-23-19-A2.txt,,N,,
329,,10.23,9:00am,31,A-3,,Lake Placid,Y,,C,continuous; 60+ min,,set031-10-23-19-A3.txt,,N,,
226,,10.23,9:00am,31,A-4,,North Key Largo,Y,,B,burst,,set031-10-23-19-A4.txt,,N,,
103,,10.23,9:00am,31,B-1,,Homestead,Y,,C,continuous; 60+ min,,set031-10-23-19-B1.txt,,N,,
96,,10.23,9:00am,31,B-2,,Homestead,Y,,C,continuous; 60+ min,,set031-10-23-19-B2.txt,,N,,
109,,10.23,9:00am,31,B-3,,Homestead,Y,,B,burst,,set031-10-23-19-B3.txt,,N,,
390,P,10.23,9:00am,31,B-4,,Leesburg,N,,,,,set031-10-23-19-B4.txt,,N,,
421,,10.23,10:00am,32,A-1,,Gainesville,N,Y,,,,set032-10-23-19-A1.txt,,N,,
65,,10.23,10:00am,32,A-2,,Key Largo,N,,,,,set032-10-23-19-A2.txt,,N,,
125,,10.23,10:00am,32,A-3,,Homestead,Y,,C,continuous; 60+ min,,set032-10-23-19-A3.txt,,N,,
197,,10.23,10:00am,32,A-4,,North Key Largo,Y,,B,burst,,set032-10-23-19-A4.txt,,N,,
402,P,10.23,10:00am,32,B-1,,Gainesville,N,,,,,set032-10-23-19-B1.txt,,N,,
74,,10.23,10:00am,32,B-2,,North Key Largo,N,Y,,,,set032-10-23-19-B2.txt,,N,,
235,,10.23,10:00am,32,B-3,,North Key Largo,Y,,C,continuous; 60+ min,,set032-10-23-19-B3.txt,,N,,
351,,10.23,10:00am,32,B-4,,Lake Placid,Y,,C,continuous; 60+ min,,set032-10-23-19-B4.txt,,N,,
319,,10.23,1:00pm,33,A-1,,Lake Placid,Y,,C,continuous; 60+ min,,set033-10-23-19-A1.txt,,N,,
262,,10.23,1:00pm,33,A-2,,North Key Largo,Y,,B,bursts,,set033-10-23-19-A2.txt,,N,,
136,,10.23,1:00pm,33,A-3,,Homestead,Y,,C,continuous; 60+ min,started at 35 min,set033-10-23-19-A3.txt,,N,,
296,P,10.23,1:00pm,33,A-4,,Lake Placid,Y,,B,bursts,,set033-10-23-19-A4.txt,,,,
375,P,10.23,1:00pm,33,B-1,,Leesburg,N,,,,,set033-10-23-19-B1.txt,,N,,
254,,10.23,1:00pm,33,B-2,,North Key Largo,N,,,,,set033-10-23-19-B2.txt,,N,,
376,,10.23,1:00pm,33,B-4,,Leesburg,Y,,C,continuous; 60+ min,readjusted at times; bug rotated as it flew,set033-10-23-19-B4.txt,,N,,
153,,10.23,2:15pm,34,A-1,,Lake Wales,N,,,,,set034-10-23-19-A1.txt,,N,,
95,,10.23,2:15pm,34,A-2,,Homestead,Y,,C,continuous; 60+ min,,set034-10-23-19-A2.txt,,N,,
213,,10.23,2:15pm,34,A-3,,North Key Largo,N,,,,,set034-10-23-19-A3.txt,,N,,
286,P,10.23,2:15pm,34,A-4,,North Key Largo,Y,,C,continuous; 60+ min,,set034-10-23-19-A4.txt,,N,,
300,,10.23,2:15pm,34,B-1,,Lake Placid,N,,,,,set034-10-23-19-B1.txt,,N,,
280,,10.23,2:15pm,34,B-2,,North Key Largo,N,,,,,set034-10-23-19-B2.txt,,N,,
50,,10.23,2:15pm,34,B-3,,Key Largo,Y,,B,bursts,,set034-10-23-19-B3.txt,,N,,
279,,10.23,2:15pm,34,B-4,,North Key Largo,Y,,C,continuous; 60+ min,,set034-10-23-19-B4.txt,,N,,
413,,10.23,3:25pm,35,A-1,,Gainesville,N,Y,,,no recording,NA,,N,,
407,,10.23,3:25pm,35,A-2,,Gainesville,N,Y,,,no recording,NA,,N,,
224,,10.23,3:25pm,35,A-3,,North Key Largo,N,Y,,,no recording,NA,,N,,
148,,10.23,3:25pm,35,A-4,,Lake Wales,N,Y,,,no recording,NA,,N,,
58,,10.23,3:25pm,35,B-1,,Key Largo,,Y,,,,set035-10-23-19-B1.txt,,N,,
91,P,10.23,3:25pm,35,B-2,,Homestead,Y,Y,C,continuous; 60+ min,,set035-10-23-19-B2.txt,,N,,
276,,10.23,3:25pm,35,B-3,,North Key Largo,Y,,C,continuous; 60+ min,,set035-10-23-19-B3.txt,,N,,
118,,10.23,3:25pm,35,B-4,,Homestead,N,,,,trial ended at 30 min because paint fell off,set035-10-23-19-B4.txt,,N,,
155,,10.24,9:00am,36,A-1,,Lake Wales,N,Y,,,no recording,NA,,N,,
285,P,10.24,9:00am,36,A-2,,North Key Largo,N,,,,no recording,NA,,N,,
409,,10.24,9:00am,36,A-3,,Gainesville,N,,,,no recording,NA,,N,,
98,P,10.24,9:00am,36,A-4,,Homestead,N,,,,no recording,NA,,N,,
159,,10.24,9:00am,36,B-1,,Lake Wales,N,,,,,set036-10-24-19-B1.txt,,N,,
67,P,10.24,9:00am,36,B-2,,North Key Largo,Y,,B,bursts,,set036-10-24-19-B2.txt,,N,,
321,,10.24,9:00am,36,B-3,,Lake Placid,N,,,,,set036-10-24-19-B3.txt,,N,,
183,P,10.24,9:00am,36,B-4,,North Key Largo,Y,,C,continuous; 60+ min,,set036-10-24-19-B4.txt,,N,,
49,,10.24,10:10am,37,A-1,,Key Largo,Y,Y,C,continuous; 60+ min,,set037-10-24-19-A1.txt,,N,,
323,,10.24,10:10am,37,A-2,,Lake Placid,Y,,BC,bursts to continuous; 60+ min,,set037-10-24-19-A2.txt,,N,,
107,,10.24,10:10am,37,A-3,,Homestead,N,,,,,set037-10-24-19-A3.txt,,N,,
3200,,10.24,10:10am,37,A-4,,Lake Placid,N,,,,,set037-10-24-19-A4.txt,,N,,
380,,10.24,10:10am,37,B-1,,Leesburg,Y,,C,continuous; 60+ min,,set037-10-24-19-B1.txt,,N,,
208,,10.24,10:10am,37,B-2,,North Key Largo,N,,,,,set037-10-24-19-B2.txt,,N,,
404,P,10.24,10:10am,37,B-3,,Gainesville,Y,,BC,bursts to continuous; 60+ min,,set037-10-24-19-B3.txt,,N,,
116,,10.24,10:10am,37,B-4,,Homestead,Y,,BC,bursts to continuous; 60+ min,,set037-10-24-19-B4.txt,,N,,
284,,10.24,11:20am,38,A-1,,North Key Largo,N,,,,,set038-10-24-19-A1.txt,,N,,
152,,10.24,11:20am,38,A-2,,Lake Wales,Y,,B,bursts,,set038-10-24-19-A2.txt,,N,,
331,,10.24,11:20am,38,A-3,,Lake Placid,N,,,,,set038-10-24-19-A3.txt,,N,,
302,,10.24,11:20am,38,A-4,,Lake Placid,Y,,C,continuous; 60+ min,,set038-10-24-19-A4.txt,,N,,
318,,10.24,11:20am,38,B-1,,Lake Placid,Y,,B,bursts,,set038-10-24-19-B1.txt,,N,,
149,,10.24,11:20am,38,B-2,,Lake Wales,N,,,,,set038-10-24-19-B2.txt,,N,,
253,,10.24,11:20am,38,B-3,,North Key Largo,N,,,,,set038-10-24-19-B3.txt,,N,,
134,,10.24,11:20am,38,B-4,,Homestead,Y,,CB,continuous to bursts,,set038-10-24-19-B4.txt,,N,,
203,,10.24,12:35pm,39,A-1,,North Key Largo,N,,,,,set039-10-24-19-A1.txt,,N,,
198,,10.24,12:35pm,39,A-2,,North Key Largo,N,,,,,set039-10-24-19-A2.txt,,N,,
123,,10.24,12:35pm,39,A-3,,Homestead,Y,,B,bursts,,set039-10-24-19-A3.txt,,N,,
282,,10.24,12:35pm,39,A-4,,North Key Largo,N,Y,,,,set039-10-24-19-A4.txt,,N,,
66,P,10.24,12:35pm,39,B-1,,North Key Largo,N,Y,,,,set039-10-24-19-B1.txt,,N,,
343,,10.24,12:35pm,39,B-2,,Lake Placid,N,,,,,set039-10-24-19-B2.txt,,N,,
68,P,10.24,12:35pm,39,B-3,,North Key Largo,Y,,BC,bursts to continuous; 60+ min,,set039-10-24-19-B3.txt,,N,,
69,P,10.24,12:35pm,39,B-4,,North Key Largo,N,,,,,set039-10-24-19-B4.txt,,N,,
81,,10.24,1:40pm,40,A-1,,North Key Largo,N,,,,,set040-10-24-19-A1.txt,0.042,N,,
263,,10.24,1:40pm,40,A-2,,North Key Largo,N,,,,,set040-10-24-19-A2.txt,0.093,N,,
229,,10.24,1:40pm,40,A-3,,North Key Largo,N,,,,,set040-10-24-19-A3.txt,0.061,N,,
92,,10.24,1:40pm,40,A-4,,Homestead,Y,,B,bursts,,set040-10-24-19-A4.txt,0.046,N,,
354,,10.24,1:40pm,40,B-1,,Lake Placid,N,,,,no recording,NA,0.075,N,,
336,,10.24,1:40pm,40,B-2,,Lake Placid,N,,,,no recording,NA,0.069,N,,
406,,10.24,1:40pm,40,B-3,,Gainesville,N,,,,no recording,NA,0.03,N,,
314,,10.24,1:40pm,40,B-4,,Lake Placid,N,,,,no recording,NA,0.083,N,,
48,,10.25,9:25am,41,A-1,,Key Largo,N,,,,,set041-10-25-19-A1.txt,0.102,N,,
330,,10.25,9:25am,41,A-2,,Lake Placid,Y,,C,continuous; 60+ min,,set041-10-25-19-A2.txt,0.043,N,,
129,,10.25,9:25am,41,A-3,,Homestead,Y,,B,bursts,,set041-10-25-19-A3.txt,0.051,N,,
99,P,10.25,9:25am,41,A-4,,Homestead,Y,,B,bursts,,set041-10-25-19-A4.txt,0.043,N,,
223,,10.25,9:25am,41,B-1,,North Key Largo,N,,,,,set041-10-25-19-B1.txt,0.07,N,,
410,,10.25,9:25am,41,B-2,,Gainesville,N,,,,,set041-10-25-19-B2.txt,0.071,N,,
416,,10.25,9:25am,41,B-3,,Gainesville,Y,,C,continuous; 60+ min,,set041-10-25-19-B3.txt,0.064,N,,
114,,10.25,9:25am,41,B-4,,Homestead,N,,,,,set041-10-25-19-B4.txt,0.045,N,,
255,,10.25,10:40am,42,A-1,,North Key Largo,N,,,,,set042-10-25-19-A1.txt,0.029,N,,
391,P,10.25,10:40am,42,A-2,,Leesburg,N,,,,,set042-10-25-19-A2.txt,0.029,N,,
342,,10.25,10:40am,42,A-3,,Lake Placid,N,,,,,set042-10-25-19-A3.txt,0.05,N,,
84,,10.25,10:40am,42,A-4,,North Key Largo,Y,,B,bursts,,set042-10-25-19-A4.txt,0.043,N,,
335,,10.25,10:40am,42,B-1,,Lake Placid,N,,,,no recording,NA,0.113,N,,
283,,10.25,10:40am,42,B-3,,North Key Largo,N,,,,no recording,NA,0.078,N,,
146,P,10.25,10:40am,42,B-4,,Lake Wales,N,,,,no recording,NA,0.025,N,,
310,,10.25,12:40pm,43,A-1,,Lake Placid,N,,,,no recording,NA,0.1,N,,
325,,10.25,12:40pm,43,A-2,,Lake Placid,N,,,,no recording,NA,,N,,
187,,10.25,12:40pm,43,A-3,,North Key Largo,N,,,,no recording,NA,0.091,N,,
298,P,10.25,12:40pm,43,A-4,,Lake Placid,N,,,,no recording,NA,0.154,N,,
295,P,10.25,12:40pm,43,B-1,,Lake Placid,Y,,C,continuous; 60+ min,,set043-10-25-19-B1.txt,0.05,N,,
126,,10.25,12:40pm,43,B-2,,Homestead,Y,,C,continuous; 60+ min,,set043-10-25-19-B2.txt,0.049,N,,
397,,10.25,12:40pm,43,B-3,,Gainesville,N,,,,,set043-10-25-19-B3.txt,0.129,N,,
120,,10.25,12:40pm,43,B-4,,Homestead,Y,,B,bursts,,set043-10-25-19-B4.txt,0.043,N,,
30,,10.25,1:50pm,44,A-1,,Plantation Key,N,,,,,set044-10-25-19-A1.txt,0.067,N,,
139,P,10.25,1:50pm,44,A-2,,Lake Wales,N,,,,,set044-10-25-19-A2.txt,0.118,N,,
237,,10.25,1:50pm,44,A-3,,North Key Largo,N,,,,,set044-10-25-19-A3.txt,0.04,N,,
113,,10.25,1:50pm,44,A-4,,Homestead,Y,,C,continuous; 60+ min,,set044-10-25-19-A4.txt,0.035,N,,
384,,10.25,1:50pm,44,B-1,,Leesburg,N,,,,,set044-10-25-19-B1.txt,0.035,N,,
54,,10.25,1:50pm,44,B-2,,Key Largo,Y,,B,bursts,,set044-10-25-19-B2.txt,0.017,N,,
259,,10.25,1:50pm,44,B-3,,North Key Largo,N,,,,,set044-10-25-19-B3.txt,0.035,N,,
135,,10.25,1:50pm,44,B-4,,Homestead,N,,,,,set044-10-25-19-B4.txt,0.083,N,,
131,,10.25,1:50pm,45,A-1,,Homestead,N,,,,no recording,NA,0.093,N,,
142,P,10.25,1:50pm,45,A-2,,Lake Wales,N,,,,no recording,NA,0.102,N,,
287,,10.25,1:50pm,45,A-3,,North Key Largo,N,,,,no recording,NA,0.03,N,,
340,,10.25,1:50pm,45,A-4,,Lake Placid,N,Y,,,no recording,NA,0.058,N,,
59,,10.25,1:50pm,45,B-1,,Key Largo,N,,,,no recording,NA,0.033,N,,
35,,10.25,1:50pm,45,B-2,,Plantation Key,N,,,,no recording,NA,0.036,N,,
326,,10.25,1:50pm,45,B-3,,Lake Placid,N,,,,no recording,NA,0.067,N,,
275,,10.28,9:10am,46,A-1,,North Key Largo,N,,,,,set046-10-28-19-A1.txt,0.086,N,,
204,,10.28,9:10am,46,A-2,,North Key Largo,N,,,,,set046-10-28-19-A2.txt,0.035,N,,
101,,10.28,9:10am,46,A-3,,Homestead,Y,,C,continuous; 60+ min,,set046-10-28-19-A3.txt,0.045,N,,
258,P,10.28,9:10am,46,A-4,,North Key Largo,N,,,,,set046-10-28-19-A4.txt,0.048,N,,
105,,10.28,9:10am,46,B-1,,Homestead,N,,,,,set046-10-28-19-B1.txt,0.102,N,,
306,,10.28,9:10am,46,B-2,,Lake Placid,N,,,,,set046-10-28-19-B2.txt,0.098,N,,
234,,10.28,9:10am,46,B-3,,North Key Largo,N,,,,,set046-10-28-19-B3.txt,0.121,N,,
308,,10.28,9:10am,46,B-4,,Lake Placid,Y,,B,bursts,,set046-10-28-19-B4.txt,0.044,N,,
261,,10.28,10:20am,47,A-1,,North Key Largo,Y,,C,continuous; 60+ min,,set047-10-28-19-A1.txt,0.046,N,,
154,,10.28,10:20am,47,A-2,,Lake Wales,N,,,,,set047-10-28-19-A2.txt,0.067,N,,
15,,10.28,10:20am,47,A-3,,Plantation Key,N,,,,,set047-10-28-19-A3.txt,0.043,N,,
399,,10.28,10:20am,47,A-4,,Gainesville,N,,,,,set047-10-28-19-A4.txt,0.046,N,,
315,,10.28,10:20am,47,B-1,,Lake Placid,N,,,,,set047-10-28-19-B1.txt,0.078,N,,
337,,10.28,10:20am,47,B-2,,Lake Placid,N,,,,,set047-10-28-19-B2.txt,0.051,N,,
102,,10.28,10:20am,47,B-3,,Homestead,N,,,,,set047-10-28-19-B3.txt,0.138,N,,
288,P,10.28,10:20am,47,B-4,,North Key Largo,Y,,C,continuous; 60+ min,,set047-10-28-19-B4.txt,0.043,N,,
31,,10.28,11:30am,48,A-1,,Plantation Key,N,,,,no recording,NA,0.037,N,,
346,,10.28,11:30am,48,A-2,,Lake Placid,N,,,,no recording,NA,0.025,N,,
271,,10.28,11:30am,48,A-3,,North Key Largo,N,,,,no recording,NA,0.035,N,,
78,,10.28,11:30am,48,A-4,,North Key Largo,N,,,,no recording,NA,0.035,N,,
128,,10.28,11:30am,48,B-1,,Homestead,N,,,,,set048-10-28-19-B1.txt,0.042,N,,
73,,10.28,11:30am,48,B-2,,North Key Largo,N ,,,,,set048-10-28-19-B2.txt,0.045,N,,
119,,10.28,11:30am,48,B-3,,Homestead,N,,,,,set048-10-28-19-B3.txt,0.039,N,,
312,,10.28,11:30am,48,B-4,,Lake Placid,Y,,B,bursts,,set048-10-28-19-B4.txt,0.05,N,,
278,,10.28,2:20pm,49,A-1,,North Key Largo,N,,,,,set049-10-28-19-A1.txt,0.037,N,,
264,,10.28,2:20pm,49,A-2,,North Key Largo,N,,,,,set049-10-28-19-A2.txt,0.044,N,,
124,,10.28,2:20pm,49,A-3,,Homestead,Y,,B,bursts,,set049-10-28-19-A3.txt,0.049,N,,
349,,10.28,2:20pm,49,A-4,,Lake Placid,Y,,B,bursts,,set049-10-28-19-A4.txt,0.042,N,,
313,,10.28,2:20pm,49,B-1,,Lake Placid,Y,,BC,bursts to continuous; 60+ min,,set049-10-28-19-B1.txt,0.081,N,,
408,,10.28,2:20pm,49,B-2,,Gainesville,N,,,,,set049-10-28-19-B2.txt,0.045,N,,
249,,10.28,2:20pm,49,B-3,,North Key Largo,N,,,,,set049-10-28-19-B3.txt,0.053,N,,
132,,10.28,2:20pm,49,B-4,,Homestead,N,,,,,set049-10-28-19-B4.txt,0.049,N,,
12,,10.28,3:35pm,50,A-1,,Plantation Key,N,,,,,set050-10-28-19-A1.txt,0.101,N,,
303,,10.28,3:35pm,50,A-2,,Lake Placid,N,,,,,set050-10-28-19-A2.txt,0.081,N,,
205,,10.28,3:35pm,50,A-3,,North Key Largo,N,,,,,set050-10-28-19-A3.txt,0.029,N,,
332,,10.28,3:35pm,50,A-4,,Lake Placid,Y,,BC,bursts to continuous; 60+ min,,set050-10-28-19-A4.txt,0.05,N,,
372,P,10.28,3:35pm,50,B-1,,Leesburg,N,,,,no recording,NA,0.142,N,,
90,P,10.28,3:35pm,50,B-2,,Homestead,N,,,,no recording,NA,0.066,N,,
339,,10.29,9:00am,51,A-1,,Lake Placid,Y,,C,continuous; 60+ min,,set051-10-29-19-A1.txt,0.052,N,,
89,P,10.29,9:00am,51,A-2,,Homestead,Y,,C,continuous; 60+ min,,set051-10-29-19-A2.txt,0.052,N,,
328,,10.29,9:00am,51,A-3,,Lake Placid,Y,,C,continuous; 60+ min,,set051-10-29-19-A3.txt,0.088,N,,
34,,10.29,9:00am,51,A-4,,Plantation Key,N,,,,,set051-10-29-19-A4.txt,0.11,N,,
257,P,10.29,9:00am,51,B-1,,North Key Largo,Y,,B,bursts to continuous; continuous to bursts,,set051-10-29-19-B1.txt,0.033,N,,
381,,10.29,9:00am,51,B-2,,Leesburg,N,,,,,set051-10-29-19-B2.txt,0.121,N,,
111,,10.29,9:00am,51,B-3,,Homestead,Y,,C,continuous; 60+ min,,set051-10-29-19-B3.txt,0.039,N,,
299,P,10.29,10:15am,52,A-1,,Lake Placid,Y,,BC,bursts to continuous bouts,,set052-10-29-19-A1.txt,0.039,N,,
311,,10.29,10:15am,52,A-2,,Lake Placid,Y,,B,bursts,,set052-10-29-19-A2.txt,0.041,N,,
387,,10.29,10:15am,52,A-3,,Leesburg,Y,,BC,bursts to continuous bouts,,set052-10-29-19-A3.txt,0.053,N,,
392,P,10.29,10:15am,52,A-4,,Leesburg,N,,,,,set052-10-29-19-A4.txt,0.105,N,,
46,,10.29,10:15am,52,B-1,,Key Largo,N,,,,no recording,NA,0.05,N,,
252,,10.29,10:15am,52,B-2,,North Key Largo,N,,,,no recording,NA,0.095,N,,
238,P,10.29,10:15am,52,B-3,,North Key Largo,N,,,,no recording,NA,0.095,N,,
353,,10.29,10:15am,52,B-4,,Lake Placid,N,,,,no recording,NA,0.032,N,,
156,,DNA,DNA,DNA,DNA,,Lake Wales,DNA,Y,,,,NA,,DNA,,
53,,DNA,DNA,DNA,DNA,,Key Largo,DNA,Y,,,,NA,,DNA,,
221,,DNA,DNA,DNA,DNA,,North Key Largo,DNA,Y,,,,NA,,DNA,,
190,,NA,NA,NA,NA,,North Key Largo,NA,,,,,NA,,Y,,
214,,NA,NA,NA,NA,,North Key Largo,,,,,,NA,,Y,,
8,,NA,NA,NA,NA,,Plantation Key,NA,,,,,NA,,Y,,
18,,NA,NA,NA,NA,,Plantation Key,NA,,,,,NA,,Y,,
41,,NA,NA,NA,NA,,Key Largo,NA,,,,,NA,,Y,,
420,,NA,NA,NA,NA,,Gainesville,NA,,,,,NA,,Y,,
17,,NA,NA,NA,NA,,Plantation Key,NA,,,,no recording,NA,,Y,,
180,P,NA,NA,NA,NA,,North Key Largo,NA,,,,,NA,,Y,,
2,P,NA,NA,NA,NA,,Plantation Key,NA,,,,,NA,,Y,,
201,,NA,NA,NA,NA,,North Key Largo,NA,Y,,,,NA,,Y,,
196,,NA,NA,NA,,,North Key Largo,NA,,,,,NA,,Y,,
76,,NA,NA,NA,NA,,North Key Largo,NA,,,,,NA,,Y,,
210,,NA,NA,NA,NA,,North Key Largo,NA,,,,,NA,,Y,,
202,,NA,NA,NA,NA,,North Key Largo,NA,Y,,,,NA,,Y,,
21,,NA,NA,NA,NA,,Plantation Key,NA,Y,,,,NA,,Y,,
189,,NA,NA,NA,NA,,North Key Largo,NA,,,,,NA,,Y,,
242,,NA,NA,NA,NA,,North Key Largo,NA,Y,,,,NA,,Y,,
250,,NA,NA,NA,NA,,North Key Largo,NA,,,,,NA,,Y,,
417,,NA,NA,NA,NA,,Gainesville,NA,,,,,NA,,Y,,
47,,,,,,,Key Largo,NA,Y,,,,NA,,N,,
405,P,,,,,,Gainesville,NA,Y,,,,NA,,N,,
195,,,,,,,North Key Largo,NA,Y,,,,NA,,N,,
82,,,,,,,North Key Largo,NA,Y,,,,NA,,,,
334,,,,,,,Lake Placid,NA,Y,,,,NA,,,,
158,,,,,,,Lake Wales,NA,Y,,,,NA,0.145,,,
62,,,,,,,Key Largo,NA,Y,,,,NA,,N,,
270,,,,,,,North Key Largo,NA,Y,,,,NA,,,,
86,,,,,,,North Key Largo,NA,Y,,,,NA,,,,
56,,,,,,,Key Largo,NA,Y,,,,NA,,,,
39,,,,,,,Key Largo,NA,Y,,,,NA,,,,
265,,,,,,,North Key Largo,NA,Y,,,,NA,,N,,
16,,,,,,,Plantation Key,NA,Y,,,,NA,,,,
85,,,,,,,North Key Largo,NA,Y,,,,NA,,,,
217,,,,,,,,NA,Y,,,,NA,,N,,
127,,,,,,,Homestead,NA,Y,,,,NA,,,,
13,,,,,,,Plantation Key,NA,Y,,,,NA,,N,,
64,,,,,,,Key Largo,NA,Y,,,,NA,,,,
348,,,,,,,Lake Placid,NA,Y,,,,NA,,N,,
269,,,,,,,North Key Largo,NA,Y,,,,NA,,,,
26,,,,,,,Planation Key,NA,Y,,,,NA,,,,
256,,,,,,,North Key Largo,NA,Y,,,,NA,,,,
239,,,,,,,North Key Largo,NA,Y,,,,NA,,,,
108,,,,,,,Homestead,NA,Y,,,,NA,,,,
308,,10.3,9:30am,53,A-1,,Lake Placid,Y,,B,bursts,,set053-10-30-19-A1.txt,0.038,,,
205,,10.3,9:30am,53,A-2,,North Key Largo,NA,,,,paint fell off ,set053-10-30-19-A2.txt,0.03,,,
323,,10.3,9:30am,53,A-3,,Lake Placid,Y,,C,continuous till 50 minutes; stopped; then continuous +90,,set053-10-30-19-A3.txt,0.036,,,
223,,10.3,9:30am,53,A-4,,North Key Largo,N,,,,,set053-10-30-19-A4.txt,0.058,,,
376,,10.3,9:30am,53,B-1,,Leesburg,Y,,C,continuous starting at 10 min; +90,,set053-10-30-19-B1.txt,0.08,,,
298,P,10.3,9:30am,53,B-2,,Lake Placid,N,,,,,set053-10-30-19-B2.txt,0.13,,,
95,,10.3,9:30am,53,B-3,,Homestead,Y,,B,bursts to continuous to bursts,,set053-10-30-19-B3.txt,0.101,,,
325,,10.3,9:30am,53,B-4,,Lake Placid,N,,,,,set053-10-30-19-B4.txt,0.091,,,
229,,10.3,11:15am,54,A-1,,North Key Largo,N,,,,no recording,NA,0.082,,,
406,,10.3,11:15am,54,A-2,,Gainesville,N,,,,no recording,NA,0.034,,,
399,,10.3,11:15am,54,A-3,,Gainesville,N,,,,no recording,NA,0.05,,,
287,P,10.3,11:15am,54,A-4,,North Key Largo,N,,,,no recording,NA,0.028,,,
67,P,10.3,11:15am,54,B-1,,North Key Largo,Y,,B,bursts,,set054-10-30-19-B1.txt,0.041,,,
84,,10.3,11:15am,54,B-2,,North Key Largo,Y,,B,bursts,,set054-10-30-19-B2.txt,0.046,,,
416,,10.3,11:15am,54,B-3,,Gainesville,Y,,B,bursts,,set054-10-30-19-B3.txt,0.074,,,
351,,10.3,11:15am,54,B-4,,Lake Placid,Y,,C,bursts to continuous; +90,,set054-10-30-19-B4.txt,0.042,,,
234,,10.3,1:50pm,55,A-1,,North Key Largo,N,,,,,set055-10-30-19-A1.txt,0.103,,,
136,,10.3,1:50pm,55,A-2,,Homestead,N,,,,,set055-10-30-19-A2.txt,0.04,,,
152,,10.3,1:50pm,55,A-3,,Lake Wales,Y,,C,continuous; +90,,set055-10-30-19-A3.txt,0.043,,,
159,,10.3,1:50pm,55,A-4,,Lake Wales,N,,,,,set055-10-30-19-A4.txt,0.033,,,
118,,10.3,1:50pm,55,B-1,,Homestead,N,,,,,set055-10-30-19-B1.txt,0.049,,,
90,P,10.3,1:50pm,55,B-2,,Homestead,N,,,,,set055-10-30-19-B2.txt,0.061,,,
336,,10.3,1:50pm,55,B-3,,Lake Placid,Y,,C,continuous; +90,,set055-10-30-19-B3.txt,0.049,,,
333,,10.3,1:50pm,55,B-4,,Lake Placid,N,,,,,set055-10-30-19-B4.txt,0.071,,,
312,,10.3,3:30pm,56,A-1,,Lake Placid,Y,,B,bursts,,set056-10-30-19-A1.txt,0.042,,,
332,,10.3,3:30pm,56,A-2,,Lake Placid,Y,,C,continuous; +90,,set056-10-30-19-A2.txt,0.048,,,
318,,10.3,3:30pm,56,A-3,,Lake Placid,N,,,,,set056-10-30-19-A3.txt,0.035,,,
123,,10.3,3:30pm,56,A-4,,Homestead,Y,,B,bursts,,set056-10-30-19-A4.txt,0.047,,,
92,,10.3,3:30pm,56,B-1,,Homestead,N,,,,,set056-10-30-19-B1.txt,0.041,,,
103,,10.3,3:30pm,56,B-2,,Homestead,Y,,BC,bursts to continuous; +90,,set056-10-30-19-B2.txt,0.048,,,
31,,10.3,3:30pm,56,B-3,,Planatation Key,N,,,,,set056-10-30-19-B3.txt,0.036,,,
300,,10.3,3:30pm,56,B-4,,Lake Placid,N,,,,,set056-10-30-19-B4.txt,0.038,,,
48,,10.31,9:20am,57,A-1,,Key Largo,N,,,,no recording,NA,0.105,,,
264,,10.31,9:20am,57,A-2,,North Key Largo,N,,,,no recording,NA,0.044,,,
253,,10.31,9:20am,57,A-3,,North Key Largo,N,,,,no recording,NA,0.073,,,
284,,10.31,9:20am,57,A-4,,North Key Largo,N,,,,no recording,NA,0.032,,,
258,P,10.31,9:20am,57,B-1,,North Key Largo,N,,,,,set057-10-31-19-B1.txt,0.041,,,
102,,10.31,9:20am,57,B-2,,Homestead,N,,,,,set057-10-31-19-B2.txt,0.118,,,
197,,10.31,9:20am,57,B-3,,North Key Largo,Y,,B,bursts,,set057-10-31-19-B3.txt,0.036,,,
105,,10.31,9:20am,57,B-4,,Homestead,N,,,,,set057-10-31-19-B4.txt,0.086,,,
238,P,10.31,11:00am,58,A-1,,North Key Largo,N,,,,,set058-10-31-19-A1.txt,0.117,,,
387,,10.31,11:00am,58,A-2,,Leesburg,Y,,C,continuous; +90,,set058-10-31-19-A2.txt,0.051,,,
296,P,10.31,11:00am,58,A-3,,Lake Placid,Y,,B,bursts,,set058-10-31-19-A3.txt,0.058,,,
276,,10.31,11:00am,58,A-4,,North Key Largo,Y,,C,continuous; +90,,set058-10-31-19-A4.txt,0.051,,,
295,P,10.31,11:00am,58,B-1,,Lake Placid,Y,,C,continuous; +90,,set058-10-31-19-B1.txt,0.048,,,
302,,10.31,11:00am,58,B-2,,Lake Placid,Y,,C,continuous; +90,,set058-10-31-19-B2.txt,0.079,,,
107,,10.31,11:00am,58,B-3,,Homestead,N,,,,,set058-10-31-19-B3.txt,0.111,,,
252,,10.31,11:00am,58,B-4,,North Key Largo,N,,,,,set058-10-31-19-B4.txt,0.085,,,
299,P,10.31,12:45pm,59,A-1,,Lake Placid,Y,,BC,bursts to continuous; +90,checked every 5 min,set059-10-31-19-A1.txt,0.043,,,
135,,10.31,12:45pm,59,A-2,,Homestead,N,,,,checked every 5 min,set059-10-31-19-A2.txt,0.085,,,
331,,10.31,12:45pm,59,A-3,,Lake Placid,N,,,,checked every 5 min,set059-10-31-19-A3.txt,0.111,,,
262,,10.31,12:45pm,59,A-4,,North Key Largo,Y,,B,bursts to continuous?,checked every 5 min,set059-10-31-19-A4.txt,0.041,,,
280,,10.31,12:45pm,59,B-1,,North Key Largo,N,,,,checked every 5 min,set059-10-31-19-B1.txt,0.043,,,
381,,10.31,12:45pm,59,B-2,,Leesburg,N,,,,checked every 5 min,set059-10-31-19-B2.txt,0.096,,,
129,,10.31,12:45pm,59,B-3,,Homestead,Y,,B,bursts to longer burst,checked every 5 min,set059-10-31-19-B3.txt,0.052,,,
65,,10.31,12:45pm,59,B-4,,Key Largo,N,,,,checked every 5 min,set059-10-31-19-B4.txt,0.071,,,
50,,10.31,2:20pm,60,A-1,,Key Largo,Y,,B,bursts,,set060-10-31-19-A1.txt,0.045,,,
73,,10.31,2:20pm,60,A-2,,North Key Largo,N,,,,,set060-10-31-19-A2.txt,0.042,,,
114,,10.31,2:20pm,60,A-3,,Homestead,N,,,,,set060-10-31-19-A3.txt,0.044,,,
339,,10.31,2:20pm,60,A-4,,Lake Placid,Y,,C,continuous; +90,,set060-10-31-19-A4.txt,0.051,,,
409,,10.31,2:20pm,60,B-1,,Gainesville,N,,,,,set060-10-31-19-B1.txt,0.043,,,
310,,10.31,2:20pm,60,B-2,,Lake Placid,N,,,,,set060-10-31-19-B2.txt,0.147,,,
263,,10.31,2:20pm,60,B-3,,North Key Largo,N,,,,,set060-10-31-19-B3.txt,0.09,,,
183,P,10.31,2:20pm,60,B-4,,North Key Largo,Y,,B,bursts,,set060-10-31-19-B4.txt,0.039,,,
113,,10.31,4:00pm,61,A-1,,Homestead,Y,,C,continuous; +90,,set061-10-31-19-A1.txt,0.039,,,
349,,10.31,4:00pm,61,A-2,,Lake Placid,Y,,B,bursts,,set061-10-31-19-A2.txt,0.037,,,
275,,10.31,4:00pm,61,A-3,,North Key Largo,N,,,,,set061-10-31-19-A3.txt,0.113,,,
187,,10.31,4:00pm,61,A-4,,North Key Largo,N,,,,,set061-10-31-19-A4.txt,0.089,,,
391,P,10.31,4:00pm,61,B-1,,Leesburg,N,,,,no recording,NA,0.035,,,
153,,10.31,4:00pm,61,B-2,,Lake Wales,N,,,,no recording,NA,0.09,,,
384,,10.31,4:00pm,61,B-3,,Leesburg,N,,,,no recording,NA,0.038,,,
255,,10.31,4:00pm,61,B-4,,North Key Largo,N,,,,no recording,NA,0.04,,,
208,,11.01,9:05am,62,A-1,,North Key Largo,N,,,,no recording,NA,0.079,,,
237,P,11.01,9:05am,62,A-2,,North Key Largo,N,,,,no recording,NA,0.043,,,
142,P,11.01,9:05am,62,A-3,,Lake Wales,N,,,,no recording,NA,0.099,,,
303,,11.01,9:05am,62,A-4,,Lake Placid,N,,,,no recording,NA,0.086,,,
120,,11.01,9:05am,62,B-1,,Homestead,Y,,C,continuous; +90,,set062-11-01-19-B1.txt,0.048,,,
375,P,11.01,9:05am,62,B-2,,Leesburg,N,,,,,set062-11-01-19-B2.txt,0.104,,,
78,,11.01,9:05am,62,B-3,,North Key Largo,N,,,,,set062-11-01-19-B3.txt,0.032,,,
404,P,11.01,9:05am,62,B-4,,Gainesville,Y,,C,continuous; +90,,set062-11-01-19-B4.txt,0.082,,,
205,,11.01,10:55am,63,A-1,,North Key Largo,N,,,,,set063-11-01-19-A1.txt,0.03,,,
335,,11.01,10:55am,63,A-2,,Lake Placid,N,,,,,set063-11-01-19-A2.txt,0.092,,,
314,,11.01,10:55am,63,A-3,,Lake Placid,N,,,,,set063-11-01-19-A3.txt,0.072,,,
96,,11.01,10:55am,63,A-4,,Homestead,Y,,C,continuous; +90,,set063-11-01-19-A4.txt,0.045,,,
132,,11.01,10:55am,63,B-1,,Homestead,Y,,C,continuous; +90,,set063-11-01-19-B1.txt,0.055,,,
271,,11.01,10:55am,63,B-2,,North Key Largo,N,,,,,set063-11-01-19-B2.txt,0.035,,,
198,,11.01,10:55am,63,B-3,,North Key Largo,N,,,,,set063-11-01-19-B3.txt,0.056,,,
372,P,11.01,10:55am,63,B-4,,Leesburg,N,,,,,set063-11-01-19-B4.txt,0.124,,,
59,,11.01,12:50pm,64,A-1,,Key Largo,N,,,,no recording,NA,0.038,,,
12,,11.01,12:50pm,64,A-2,,Planatation Key,N,,,,no recording,NA,0.007,,,
46,,11.01,12:50pm,64,A-3,,Key Largo,N,,,,no recording,NA,0.057,,,
285,P,11.01,12:50pm,64,A-4,,North Key Largo,N,,,,no recording,NA,0.095,,,
254,,11.01,12:50pm,64,B-1,,North Key Largo,N,,,,,set064-11-01-19-B1.txt,0.047,,,
35,,11.01,12:50pm,64,B-2,,Planatation Key,N,,,,,set064-11-01-19-B2.txt,0.039,,,
397,,11.01,12:50pm,64,B-3,,Gainesville,N,,,,,set064-11-01-19-B3.txt,0.106,,,
311,,11.01,12:50pm,64,B-4,,Lake Placid,Y,,B,bursts,,set064-11-01-19-B4.txt,0.053,,,
154,,11.01,2:25pm,65,A-1,,Lake Wales,N,,,,,set065-11-01-19-A1.txt,0.057,,,
139,P,11.01,2:25pm,65,A-2,,Lake Wales,N,,,,,set065-11-01-19-A2.txt,0.07,,,
226,,11.01,2:25pm,65,A-3,,North Key Largo,Y,,BC,bursts to continuous; +90,,set065-11-01-19-A3.txt,0.035,,,
288,P,11.01,2:25pm,65,A-4,,North Key Largo,Y,,BC,bursts to continuous; +90,,set065-11-01-19-A4.txt,0.047,,,
346,,11.01,2:25pm,65,B-1,,Lake Placid,N,,,,,set065-11-01-19-B1.txt,0.028,,,
306,,11.01,2:25pm,65,B-2,,Lake Placid,N,,,,,set065-11-01-19-B2.txt,0.128,,,
330,,11.01,2:25pm,65,B-3,,Lake Placid,Y,,BC,bursts to continuous; +90,,set065-11-01-19-B3.txt,0.041,,,
329,,11.01,2:25pm,65,B-4,,Lake Placid,Y,,B,bursts to continuous (back and forth),,set065-11-01-19-B4.txt,0.047,,,
131,,11.01,4:10pm,66,A-1,,Homestead,N,,,,,set066-11-01-19-A1.txt,0.085,,,
126,,11.01,4:10pm,66,A-3,,Homestead,Y,,C,continuous,,set066-11-01-19-A3.txt,0.053,,,
119,,11.01,4:10pm,66,A-2,,Homestead,N,,,,,set066-11-01-19-A2.txt,0.043,,,
410,,11.01,4:10pm,66,A-4,,Gainesville,N,,,,,set066-11-01-19-A4.txt,0.103,,,
313,,11.01,4:10pm,66,B-1,,Lake Placid,Y,,C,continuous,,set066-11-01-19-B1.txt,0.079,,,
342,,11.01,4:10pm,66,B-2,,Lake Placid,N,,,,,set066-11-01-19-B2.txt,0.067,,,
146,P,11.01,4:10pm,66,B-3,,Lake Wales,N,,,,,set066-11-01-19-B3.txt,0.037,,,
125,,11.04,9:05am,67,A-1,,Homestead,Y,,C,continuous; +90; stopped flying around 1 hour and 50 minutes,around 57 minutes the logger quit unexpectantly; decided to start an extra 30 minute trial even though had been flying for almost 90 minutes,set067-11-04-19-A1.txt,0.053,,,
257,P,11.04,9:05am,67,A-2,,North Key Largo,Y,,CB,continuous; stopped around 55 min --> bursts,,set067-11-04-19-A2.txt,0.03,,,
30,,11.04,9:05am,67,A-3,,Planatation Key,N,,,,,set067-11-04-19-A3.txt,0.075,,,
109,,11.04,9:05am,67,A-4,,Homestead,Y,,C,continuous; +90; +120,,set067-11-04-19-A4.txt,0.082,,,
390,P,11.04,9:05am,67,B-1,,Leesburg,N,,,,,set067-11-04-19-B1.txt,0.037,,,
69,P,11.04,9:05am,67,B-2,,North Key Largo,N,,,,,set067-11-04-19-B2.txt,0.096,,,
380,,11.04,9:05am,67,B-3,,Leesburg,Y,,C,continuous; +90,bug turned while flying so had to readjust ,set067-11-04-19-B3.txt,0.109,,,
320,,11.04,9:05am,67,B-4,,Lake Placid,N,,,,,set067-11-04-19-B4.txt,0.098,,,
408,,11.04,11:10am,68,A-1,,Gainesville,N,,,,,set068-11-04-19-A1.txt,0.051,,,
98,P,11.04,11:10am,68,A-2,,Homestead,N,,,,,set068-11-04-19-A2.txt,0.085,,,
343,,11.04,11:10am,68,A-3,,Lake Placid,N,,,,,set068-11-04-19-A3.txt,0.032,,,
116,,11.04,11:10am,68,A-4,,Homestead,Y,,B,bursts,,set068-11-04-19-A4.txt,0.038,,,
235,,11.04,11:10am,68,B-1,,North Key Largo,Y,,B,bursts,,set068-11-04-19-B1.txt,0.114,,,
101,,11.04,11:10am,68,B-2,,Homestead,Y,,BC,bursts to continuous; +90,,set068-11-04-19-B2.txt,0.041,,,
315,,11.04,11:10am,68,B-3,,Lake Placid,N,,,,,set068-11-04-19-B3.txt,0.088,,,
111,,11.04,11:10am,68,B-4,,Homestead,Y,,B,bursts,,set068-11-04-19-B4.txt,0.04,,,
149,,11.04,12:55pm,69,A-1,,Lake Wales,N,,,,,set069-11-04-19-A1.txt,0.144,,,
89,P,11.04,12:55pm,69,A-2,,Homestead,Y,,C,"continuous; stopped and restarted at 45 min, stopped and restarted 70 min",,set069-11-04-19-A2.txt,0.054,,,
261,,11.04,12:55pm,69,A-3,,North Key Largo,Y,,C,"continuous; stopped and restarted at 60 min, again at 70 min",,set069-11-04-19-A3.txt,0.04,,,
68,P,11.04,12:55pm,69,A-4,,North Key Largo,N,,,,,set069-11-04-19-A4.txt,0.085,,,
204,,11.04,12:55pm,69,B-1,,North Key Largo,N,,,,,set069-11-04-19-B1.txt,0.04,,,
249,,11.04,12:55pm,69,B-2,,North Key Largo,N,,,,,set069-11-04-19-B2.txt,0.044,,,
128,,11.04,12:55pm,69,B-3,,Homestead,N,,,,,set069-11-04-19-B3.txt,0.043,,,
328,,11.04,12:55pm,69,B-4,,Lake Placid,Y,,C,continuous; stoppe and started at 70 min --> bursts,,set069-11-04-19-B4.txt,0.072,,,
319,,11.04,2:30pm,70,A-1,,Lake Placid,Y,,C,continuous; +90,,set070-11-04-19-A1.txt,0.075,,,
15,,11.04,2:30pm,70,A-2,,Planatation Key,N,,,,,set070-11-04-19-A2.txt,0.04,,,
99,P,11.04,2:30pm,70,A-3,,Homestead,Y,,C,continuous; +90,,set070-11-04-19-A3.txt,0.046,,,
283,,11.04,2:30pm,70,A-4,,North Key Largo,N,,,,,set070-11-04-19-A4.txt,0.069,,,
124,,11.04,2:30pm,70,B-1,,Homestead,Y,,B,bursts,,set070-11-04-19-B1.txt,0.051,,,
278,,11.04,2:30pm,70,B-2,,North Key Largo,N,,,,,set070-11-04-19-B2.txt,0.034,,,
34,,11.04,2:30pm,70,B-3,,Planatation Key,N,,,,,set070-11-04-19-B3.txt,0.113,,,
354,,11.04,2:30pm,70,B-4,,Lake Placid,N,,,,,set070-11-04-19-B4.txt,0.063,,,
353,,11.04,,71,A-1,,Lake Placid,N,,,,,set071-11-04-19-A1.txt,0.031,,,
402,P,,,,,,Gainesville,,Y,,,,NA,0.04,,,
259,,11.04,,71,A-2,,North Key Largo,Y,,B,bursts,,set071-11-04-19-A2.txt,0.037,,,
91,P,11.04,,71,A-3,,Homestead,Y,,C,continuous; +90,,set071-11-04-19-A3.txt,0.047,,,
155,,11.04,,71,A-4,,Lake Wales,N,,,,,set071-11-04-19-A4.txt,0.063,,,
413,,11.04,,71,B-1,,Gainesville,N,,,,,NA,,,,
340,,,,,,,Lake Placid,,Y,,,no recording,NA,,,,
282,,,,,,,North Key Largo,,Y,,,,NA,,,,
49,,,,,,,Key Largo,,Y,,,,NA,,,,
58,,,,,,,Key Largo,,Y,,,,NA,,,,
203,,,,,,,North Key Largo,,Y,,,,NA,,,,
81,,,,,,,North Key Largo,,Y,,,,NA,,,,
321,,,,,,,Lake Placid,,Y,,,,NA,,,,
326,,,12:50pm,,,,Lake Placid,,Y,,,,NA,,,,
213,,,12:50pm,,,,North Key Largo,,Y,,,,NA,,,,
66,P,,12:50pm,,,,North Key Largo,,Y,,,,NA,,,,
54,,,,,,,Key Largo,,Y,,,,NA,,,,
337,,,,,,,Lake Placid,,Y,,,,NA,,,,
286,P,,11:10am,,,,North Key Largo,,Y,,,,NA,,,,
279,,,,,,,North Key Largo,,Y,,,,NA,,,,
134,,,,,,,Homestead,,Y,,,,NA,,,,
392,P,,,,,,Leesburg,,Y,,,,NA,,,,
,,,,,,,,Y,,C,,,set072-11-05-19-A1.txt,,,,
,,,,,,,,Y,,C,,,set072-11-05-19-A2.txt,,,,
,,,,,,,,Y,,C,,,set072-11-05-19-A21.txt,,,,
,,,,,,,,Y,,C,,,set072-11-05-19-A22.txt,,,,
,,,,,,,,Y,,C,,,set072-11-05-19-A23.txt,,,,
,,,,,,,,Y,,C,,,set072-11-05-19-A24.txt,,,,
,,,,,,,,Y,,C,,,set072-11-05-19-A3.txt,,,,
,,,,,,,,Y,,C,,,set072-11-05-19-A4.txt,,,,
,,,,,,,,Y,,C,,,set072-11-05-19-B1.txt,,,,
,,,,,,,,Y,,C,,,set072-11-05-19-B2.txt,,,,
,,,,,,,,Y,,C,,,set072-11-05-19-B21.txt,,,,
,,,,,,,,Y,,C,,,set072-11-05-19-B22.txt,,,,
,,,,,,,,Y,,C,,,set072-11-05-19-B23.txt,,,,
,,,,,,,,Y,,C,,,set072-11-05-19-B24.txt,,,,
,,,,,,,,Y,,C,,,set072-11-05-19-B3.txt,,,,
,,,,,,,,Y,,C,,,set072-11-05-19-B4.txt,,,,
,,,,,,,,Y,,C,,,set073-11-06-19-A1.txt,,,,
,,,,,,,,Y,,C,,,set073-11-06-19-A2.txt,,,,
,,,,,,,,Y,,C,,,set073-11-06-19-A21.txt,,,,
,,,,,,,,Y,,C,,,set073-11-06-19-A22.txt,,,,
,,,,,,,,Y,,C,,,set073-11-06-19-A23.txt,,,,
,,,,,,,,Y,,C,,,set073-11-06-19-A24.txt,,,,
,,,,,,,,Y,,C,,,set073-11-06-19-A3.txt,,,,
,,,,,,,,Y,,C,,,set073-11-06-19-A4.txt,,,,
,,,,,,,,Y,,C,,,set073-11-06-19-B1.txt,,,,
,,,,,,,,Y,,C,,,set073-11-06-19-B2.txt,,,,
,,,,,,,,Y,,C,,,set073-11-06-19-B3.txt,,,,
,,,,,,,,Y,,C,,,set073-11-06-19-B4.txt,,,,
,,,,,,,,Y,,C,,,set074-11-07-19-A1.txt,,,,
,,,,,,,,Y,,C,,,set074-11-07-19-A2.txt,,,,
,,,,,,,,Y,,C,,,set074-11-07-19-A21.txt,,,,
,,,,,,,,Y,,C,,,set074-11-07-19-A22.txt,,,,
,,,,,,,,Y,,C,,,set074-11-07-19-A23.txt,,,,
,,,,,,,,Y,,C,,,set074-11-07-19-A24.txt,,,,
,,,,,,,,Y,,C,,,set074-11-07-19-A3.txt,,,,
,,,,,,,,Y,,C,,,set074-11-07-19-A4.txt,,,,
,,,,,,,,Y,,C,,,set074-11-07-19-B1.txt,,,,
,,,,,,,,Y,,C,,,set074-11-07-19-B2.txt,,,,
,,,,,,,,Y,,C,,,set074-11-07-19-B3.txt,,,,
,,,,,,,,Y,,C,,,set074-11-07-19-B4.txt,,,,
,,,,,,,,Y,,C,,,set075-11-07-19-B1.txt,,,,
,,,,,,,,Y,,C,,,set075-11-07-19-B2.txt,,,,
,,,,,,,,Y,,C,,,set075-11-07-19-B3.txt,,,,
,,,,,,,,Y,,C,,,set075-11-07-19-B4.txt,,,,
,,,,,,,,Y,,C,,,set076-11-08-19-A1.txt,,,,
,,,,,,,,Y,,C,,,set076-11-08-19-A2.txt,,,,
,,,,,,,,Y,,C,,,set076-11-08-19-A3.txt,,,,
,,,,,,,,Y,,C,,,set076-11-08-19-A4.txt,,,,
,,,,,,,,Y,,C,,,set076-11-08-19-B1.txt,,,,
,,,,,,,,Y,,C,,,set076-11-08-19-B2.txt,,,,
,,,,,,,,Y,,C,,,set076-11-08-19-B3.txt,,,,
,,,,,,,,Y,,C,,,set076-11-08-19-B4.txt,,,,