ID,set_number,chamber,test_date,time_start,time_end,duration_check,sex,population,county,site,host_plant,flew,flight_type,NOTES,mass,EWM,trial_type,latitude,longitude
435,001,A-2,02.17.2020,8:15:00,11:35:00,12000.0,M,North Key Largo,North Key Largo,DD front,C. corindum,Y,C,,0.034,N,T1,25.2734885,-80.3040957
143,001,A-3,02.17.2020,8:15:00,08:45:00,1800.0,M,North Key Largo,North Key Largo,MM165,C. corindum,N,,,0.032,N,T1,25.2275238,-80.3283788
338,001,A-4,02.17.2020,8:15:00,09:15:00,3600.0,M,North Key Largo,North Key Largo,Carysfort,C. corindum,Y,C,,0.038,N,T1,25.2565615,-80.3108042
267,001,B-2,02.17.2020,8:15:00,19:56:05,42065.0,M,Lake Placid,Highlands,110N Main,K.elegans,Y,C,,0.040,N,T1,27.298631,-81.36615
202,001,B-3,02.17.2020,8:15:00,11:26:00,11460.0,M,Plantation Key,Plantation Key,Aregood Ln,C. corindum,Y,C,,0.037,N,T1,24.9735748,-80.5539224
374,001,B-4,02.17.2020,8:15:00,08:45:00,1800.0,F,Lake Placid,Highlands,110N Main,K.elegans,N,,,0.078,Y,T1,27.298631,-81.36615
275,001,A-3,02.17.2020,8:45:00,17:10:00,30300.0,M,Lake Wales,Polk,Polk Ave,K.elegans,Y,C,,0.030,N,T1,27.8967403,-81.5804654
63,001,B-1,02.17.2020,8:45:00,09:15:00,1800.0,F,Lake Wales,Polk,Polk Ave,K.elegans,Y,C,,0.069,N,T1,27.8967403,-81.5804654
252,001,B-4,02.17.2020,8:45:00,09:15:00,1800.0,M,Homestead,Miami-Dade,SW 296th St,K.elegans,Y,B,,0.038,N,T1,25.491362,-80.485821
242,001,A-4,02.17.2020,9:15:00,09:55:00,2400.0,M,North Key Largo,North Key Largo,MM165,C. corindum,Y,C,,0.033,N,T1,25.2275238,-80.3283788
239,001,B-4,02.17.2020,9:15:00,09:50:00,2100.0,M,North Key Largo,North Key Largo,Dagny Trellis,C. corindum,N,,,0.033,N,T1,25.1755702,-80.36780089
62,001,B-1,02.17.2020,9:18:00,21:26:24,43704.0,M,Lake Wales,Polk,Polk Ave,K.elegans,Y,C,SENSOR: sensor readings very small drops ,0.033,N,T1,27.8967403,-81.5804654
21,001,B-4,02.17.2020,9:55:00,10:27:00,1920.0,M,North Key Largo,North Key Largo,DD front,C. corindum,Y,B,,0.034,N,T1,25.2734885,-80.3040957
213,001,A-4,02.17.2020,9:55:00,10:27:00,1920.0,M,Key Largo,Key Largo,KLMRL,C. corindum,N,,,0.044,N,T1,25.1000151,-80.437522
74,001,A-4,02.17.2020,10:28:00,11:01:00,1980.0,M,Leesburg,Lake,Mount & 8th,K.elegans,Y,B,,0.033,N,T1,28.7963435,-81.8778849
381,001,B-4,02.17.2020,10:29:00,11:01:00,1920.0,M,Gainesville,Alachua,23rd & 8th,K.elegans,N,,,0.033,N,T1,29.66200224,-82.347313
138,001,A-4,02.17.2020,11:02:00,11:35:00,1980.0,M,North Key Largo,North Key Largo,Dagny Trellis,C. corindum,N,,,0.048,N,T1,25.1755702,-80.36780089
354,001,B-4,02.17.2020,11:04:00,12:12:00,4080.0,M,North Key Largo,North Key Largo,N. Dagny,C. corindum,Y,C,,0.027,N,T1,25.1820931,-80.3631938
427,001,A-2,02.17.2020,11:37:00,13:02:00,5100.0,M,North Key Largo,North Key Largo,Charlemagne,C. corindum,Y,C,,0.024,N,T1,25.19515,-80.345916
153,001,A-4,02.17.2020,11:39:00,12:11:00,1920.0,M,Homestead,Miami-Dade,SW 296th St,K.elegans,N,,,0.028,N,T1,25.491362,-80.485821
203,001,B-3,02.17.2020,11:40:00,12:27:00,2820.0,M,Plantation Key,Plantation Key,Aregood Ln,C. corindum,Y,BC,DATA COL: blew on it by accident at 12:27; taken down at 12:41,0.044,N,T1,24.9735748,-80.5539224
179,001,A-4,02.17.2020,12:13:00,12:45:00,1920.0,F,Lake Wales,Polk,Polk Ave,K.elegans,N,,,0.053,N,T1,27.8967403,-81.5804654
23,001,B-4,02.17.2020,12:14:00,12:45:00,1860.0,M,North Key Largo,North Key Largo,DD front,C. corindum,N,,,0.034,N,T1,25.2734885,-80.3040957
92,001,A-4,02.17.2020,12:48:00,13:22:00,2040.0,F,North Key Largo,North Key Largo,Dynamite Docks,C. corindum,Y,B,,0.084,N,T1,25.286747,-80.290592
223,001,B-3,02.17.2020,12:49:00,17:15:00,15960.0,F,North Key Largo,North Key Largo,DD front,C. corindum,Y,C,,0.031,N,T1,25.2734885,-80.3040957
189,001,B-4,02.17.2020,12:50:00,13:22:00,1920.0,F,Leesburg,Lake,Mount & 8th,K.elegans,Y,B,,0.041,N,T1,28.7963435,-81.8778849
426,001,A-2,02.17.2020,13:23:00,13:59:00,2160.0,M,North Key Largo,North Key Largo,Charlemagne,C. corindum,Y,B,,0.043,N,T1,25.19515,-80.345916
208,001,A-4,02.17.2020,13:25:00,13:59:00,2040.0,M,Plantation Key,Plantation Key,Founder's,C. corindum,Y,B,,0.040,N,T1,24.96424,-80.5673321
268,001,B-4,02.17.2020,13:27:00,18:43:18,18978.0,M,Lake Placid,Highlands,110N Main,K.elegans,Y,C,,0.033,N,T1,27.298631,-81.36615
423,001,A-2,02.17.2020,14:00:00,14:31:00,1860.0,M,North Key Largo,North Key Largo,N. Dagny,C. corindum,Y,B,,0.026,N,T1,25.1820931,-80.3631938
133,001,A-4,02.17.2020,14:00:00,14:31:00,1860.0,F,North Key Largo,North Key Largo,DD front,C. corindum,Y,B,,0.080,Y,T1,25.2734885,-80.3040957
114,001,A-2,02.17.2020,14:31:00,15:06:00,2100.0,M,Key Largo,Key Largo,KLMRL,C. corindum,Y,B,,0.043,N,T1,25.1000151,-80.437522
199,001,A-4,02.17.2020,14:32:00,15:06:00,2040.0,F,Gainesville,Alachua,23rd & 8th,K.elegans,N,,,0.045,Y,T1,29.66200224,-82.347313
37,001,A-2,02.17.2020,15:07:00,15:38:00,1860.0,F,North Key Largo,North Key Largo,Dagny Trellis,C. corindum,N,,,0.066,N,T1,25.1755702,-80.36780089
356,001,A-4,02.17.2020,15:08:00,15:38:00,1800.0,M,North Key Largo,North Key Largo,N. Dagny,C. corindum,Y,B,,0.038,N,T1,25.1820931,-80.3631938
318,001,A-2,02.17.2020,15:39:00,17:34:00,6900.0,F,Key Largo,Key Largo,JP,C. corindum,Y,C,,0.039,N,T1,25.1284578,-80.4080913
36,001,A-4,02.17.2020,15:40:00,16:11:00,1860.0,M,North Key Largo,North Key Largo,Dagny Trellis,C. corindum,Y,B,,0.051,N,T1,25.1755702,-80.36780089
144,002,A-2,02.18.2020,8:03:00,15:56:47,28427.0,M,North Key Largo,North Key Largo,MM165,C. corindum,Y,C,,0.033,N,T1,25.2275238,-80.3283788
100,002,A-3,02.18.2020,8:04:00,08:38:00,2040.0,M,North Key Largo,North Key Largo,MM165,C. corindum,Y,B,,0.047,N,T1,25.2275238,-80.3283788
130,002,A-4,02.18.2020,8:05:00,15:48:00,27780.0,F,North Key Largo,North Key Largo,Carysfort,C. corindum,Y,C,,0.062,N,T1,25.2565615,-80.3108042
15,002,B-2,02.18.2020,8:06:00,08:38:00,1920.0,M,Key Largo,Key Largo,JP,C. corindum,Y,B,,0.042,N,T1,25.1284578,-80.4080913
219,002,B-3,02.18.2020,8:06:00,08:38:00,1920.0,F,Key Largo,Key Largo,JP,C. corindum,N,,,0.049,Y,T1,25.1284578,-80.4080913
264,002,B-4,02.18.2020,8:07:00,15:48:00,27660.0,M,Lake Placid,Highlands,110N Main,K.elegans,Y,C,,0.032,N,T1,27.298631,-81.36615
4,002,A-3,02.18.2020,8:40:00,09:16:00,2160.0,M,Plantation Key,Plantation Key,Aregood Ln,C. corindum,Y,,,0.035,N,T1,24.9735748,-80.5539224
32,002,B-1,02.18.2020,8:42:00,09:16:00,2040.0,F,North Key Largo,North Key Largo,Carysfort,C. corindum,N,,,0.064,N,T1,25.2565615,-80.3108042
329,002,B-2,02.18.2020,8:42:00,09:16:00,2040.0,F,North Key Largo,North Key Largo,DD front,C. corindum,N,,,0.078,Y,T1,25.2734885,-80.3040957
147,002,B-3,02.18.2020,8:45:00,09:16:00,1860.0,F,North Key Largo,North Key Largo,Dynamite Docks,C. corindum,Y,B,,0.066,N,T1,25.286747,-80.290592
190,002,A-3,02.18.2020,9:19:00,09:53:00,2040.0,M,Leesburg,Lake,Mount & 8th,K.elegans,N,,,0.043,N,T1,28.7963435,-81.8778849
19,002,B-1,02.18.2020,9:20:00,19:12:07,35527.0,F,Key Largo,Key Largo,JP,C. corindum,Y,C,,0.050,N,T1,25.1284578,-80.4080913
164,002,B-2,02.18.2020,9:21:00,17:50:33,30573.0,F,Lake Placid,Highlands,110N Main,K.elegans,Y,C,,0.053,N,T1,27.298631,-81.36615
431,002,B-3,02.18.2020,9:22:00,14:18:00,17760.0,M,North Key Largo,North Key Largo,DD front,C. corindum,Y,BC,,0.040,N,T1,25.2734885,-80.3040957
228,002,A-3,02.18.2020,9:54:00,14:41:00,17220.0,M,North Key Largo,North Key Largo,Charlemagne,C. corindum,Y,C,,0.037,N,T1,25.19515,-80.345916
106,002,B-3,02.18.2020,14:21:00,14:51:00,1800.0,F,Plantation Key,Plantation Key,Founder's,C. corindum,N,,,0.046,Y,T1,24.96424,-80.5673321
17,002,A-3,02.18.2020,14:53:00,20:03:38,18638.0,M,Key Largo,Key Largo,JP,C. corindum,Y,C,,0.040,N,T1,25.1284578,-80.4080913
270,002,B-3,02.18.2020,14:54:00,15:48:00,3240.0,M,Lake Placid,Highlands,110N Main,K.elegans,Y,C,,0.027,N,T1,27.298631,-81.36615
122,002,A-4,02.18.2020,15:54:00,16:29:00,2100.0,M,North Key Largo,North Key Largo,N. Dagny,C. corindum,Y,B,,0.032,N,T1,25.1820931,-80.3631938
442,002,B-3,02.18.2020,15:55:00,16:29:00,2040.0,M,North Key Largo,North Key Largo,Carysfort,C. corindum,Y,B,,0.029,N,T1,25.2565615,-80.3108042
14,002,B-4,02.18.2020,15:56:00,16:29:00,1980.0,M,Key Largo,Key Largo,KLMRL,C. corindum,N,,,0.023,N,T1,25.1000151,-80.437522
160,003,A-2,02.19.2020,8:23:00,08:58:00,2100.0,F,Homestead,Miami-Dade,SW 296th St,K.elegans,N,,,0.045,N,T1,25.491362,-80.485821
443,003,A-3,02.19.2020,8:24:00,09:32:00,4080.0,M,North Key Largo,North Key Largo,Carysfort,C. corindum,Y,BC,,0.038,N,T1,25.2565615,-80.3108042
444,003,A-4,02.19.2020,8:24:00,09:21:00,3420.0,M,North Key Largo,North Key Largo,Carysfort,C. corindum,Y,C,,0.036,N,T1,25.2565615,-80.3108042
326,003,B-1,02.19.2020,8:25:00,16:29:00,29040.0,F,North Key Largo,North Key Largo,DD front,C. corindum,Y,C,,0.085,Y,T1,25.2734885,-80.3040957
115,003,B-2,02.19.2020,8:25:00,08:58:00,1980.0,F,Key Largo,Key Largo,KLMRL,C. corindum,N,,,0.087,Y,T1,25.1000151,-80.437522
395,003,B-3,02.19.2020,8:26:00,08:58:00,1920.0,M,Key Largo,Key Largo,KLMRL,C. corindum,N,,,0.048,N,T1,25.1000151,-80.437522
151,003,B-4,02.19.2020,8:26:00,10:44:00,8280.0,F,Homestead,Miami-Dade,SW 296th St,K.elegans,Y,C,,0.095,N,T1,25.491362,-80.485821
238,003,A-2,02.19.2020,9:00:00,09:31:00,1860.0,M,North Key Largo,North Key Largo,Dagny Trellis,C. corindum,N,,,0.034,N,T1,25.1755702,-80.36780089
311,003,B-2,02.19.2020,9:00:00,09:31:00,1860.0,M,Key Largo,Key Largo,KLMRL,C. corindum,N,,,0.036,N,T1,25.1000151,-80.437522
129,003,B-3,02.19.2020,9:00:00,09:31:00,1860.0,M,North Key Largo,North Key Largo,Carysfort,C. corindum,Y,B,,0.036,N,T1,25.2565615,-80.3108042
441,003,A-2,02.19.2020,9:33:00,10:47:00,4440.0,M,North Key Largo,North Key Largo,Carysfort,C. corindum,Y,C,,0.052,N,T1,25.2565615,-80.3108042
204,003,A-3,02.19.2020,9:34:00,10:08:00,2040.0,M,Plantation Key,Plantation Key,Aregood Ln,C. corindum,Y,B,,0.033,N,T1,24.9735748,-80.5539224
123,003,A-4,02.19.2020,9:35:00,10:08:00,1980.0,M,North Key Largo,North Key Largo,N. Dagny,C. corindum,Y,B,,0.030,N,T1,25.1820931,-80.3631938
28,003,B-2,02.19.2020,9:35:00,10:08:00,1980.0,M,North Key Largo,North Key Largo,Charlemagne,C. corindum,Y,B,,0.035,N,T1,25.19515,-80.345916
269,003,B-3,02.19.2020,9:36:00,17:40:00,29040.0,F,Lake Placid,Highlands,110N Main,K.elegans,Y,C,SENSOR: lost voltage reading ~ 5:10 PM (17:10) then resolved in 5 min,0.059,N,T1,27.298631,-81.36615
142,003,A-3,02.19.2020,10:10:00,15:43:00,19980.0,F,North Key Largo,North Key Largo,MM165,C. corindum,Y,C,,0.082,N,T1,25.2275238,-80.3283788
401,003,A-4,02.19.2020,10:11:00,10:44:00,1980.0,F,Plantation Key,Plantation Key,Founder's,C. corindum,N,,,0.096,Y,T1,24.96424,-80.5673321
312,003,B-2,02.19.2020,10:12:00,11:30:00,4680.0,M,Key Largo,Key Largo,KLMRL,C. corindum,Y,B,,0.038,N,T1,25.1000151,-80.437522
196,003,A-4,02.19.2020,10:44:00,11:32:00,2880.0,M,Gainesville,Alachua,23rd & 8th,K.elegans,Y,C,,0.040,N,T1,29.66200224,-82.347313
347,003,B-4,02.19.2020,10:46:00,11:33:00,2820.0,M,North Key Largo,North Key Largo,MM165,C. corindum,Y,B,,0.048,N,T1,25.2275238,-80.3283788
295,003,A-2,02.19.2020,10:48:00,14:19:00,12660.0,M,Gainesville,Alachua,23rd & 8th,K.elegans,Y,C,,0.033,N,T1,29.66200224,-82.347313
12,003,A-4,02.19.2020,11:34:00,13:47:00,7980.0,F,Key Largo,Key Largo,KLMRL,C. corindum,Y,C,,0.074,N,T1,25.1000151,-80.437522
432,003,B-2,02.19.2020,11:35:00,12:24:00,2940.0,M,North Key Largo,North Key Largo,DD front,C. corindum,Y,C,,0.039,N,T1,25.2734885,-80.3040957
412,003,B-4,02.19.2020,11:36:00,17:40:00,21840.0,M,North Key Largo,North Key Largo,N. Dagny,C. corindum,Y,C,,0.030,N,T1,25.1820931,-80.3631938
258,003,B-2,02.19.2020,12:25:00,12:55:00,1800.0,M,Homestead,Miami-Dade,SW 296th St,K.elegans,Y,B,,0.025,N,T1,25.491362,-80.485821
45,003,B-2,02.19.2020,13:26:00,14:09:00,2580.0,M,Homestead,Miami-Dade,SW 296th St,K.elegans,Y,BC,,0.033,N,T1,25.491362,-80.485821
109,003,A-4,02.19.2020,13:56:00,14:29:00,1980.0,F,Plantation Key,Plantation Key,Founder's,C. corindum,N,,,0.055,N,T1,24.96424,-80.5673321
27,003,A-2,2.19.2020,14:30:00,15:00:00,1800.0,F,North Key Largo,North Key Largo,Charlemagne,C. corindum,N,,,0.120,Y,T1,25.19515,-80.345916
11,003,A-4,2.19.2020,14:31:00,15:15:00,2640.0,M,Key Largo,Key Largo,KLMRL,C. corindum,Y,C,,0.043,N,T1,25.1000151,-80.437522
152,003,B-2,2.19.2020,14:32:00,15:00:00,1680.0,M,Homestead,Miami-Dade,SW 296th St,K.elegans,N,,,0.029,N,T1,25.491362,-80.485821
322,003,A-2,2.19.2020,15:01:00,17:08:00,7620.0,F,North Key Largo,North Key Largo,DD front,C. corindum,Y,C,,0.046,N,T1,25.2734885,-80.3040957
418,003,B-2,2.19.2020,15:02:00,21:03:42,21702.0,M,North Key Largo,North Key Largo,N. Dagny,C. corindum,Y,C,,0.046,N,T1,25.1820931,-80.3631938
33,003,A-4,2.19.2020,15:31:00,22:01:46,23446.0,M,North Key Largo,North Key Largo,Carysfort,C. corindum,Y,C,,0.044,N,T1,25.2565615,-80.3108042
292,003,A-3,2.19.2020,16:01:00,16:31:00,1800.0,F,Gainesville,Alachua,23rd & 8th,K.elegans,N,,,0.088,N,T1,29.66200224,-82.347313
227,003,A-3,2.19.2020,16:31:00,17:01:00,1800.0,F,North Key Largo,North Key Largo,Charlemagne,C. corindum,N,,,0.112,Y,T1,25.19515,-80.345916
274,004,A-2,2.20.2020,8:15:00,08:45:00,1800.0,M,Lake Wales,Polk,Polk Ave,K.elegans,N,,,0.042,N,T1,27.8967403,-81.5804654
1,004,A-3,2.20.2020,8:15:00,08:50:00,2100.0,M,Plantation Key,Plantation Key,Aregood Ln,C. corindum,Y,C,,0.038,N,T1,24.9735748,-80.5539224
69,004,A-4,2.20.2020,8:15:00,08:45:00,1800.0,F,Lake Wales,Polk,Polk Ave,K.elegans,Y,B,,0.060,N,T1,27.8967403,-81.5804654
224,004,B-1,2.20.2020,8:15:00,09:26:00,4260.0,M,North Key Largo,North Key Largo,DD front,C. corindum,Y,BC,,0.047,N,T1,25.2734885,-80.3040957
159,004,B-2,2.20.2020,8:15:00,08:45:00,1800.0,M,Homestead,Miami-Dade,SW 296th St,K.elegans,N,,,0.032,N,T1,25.491362,-80.485821
107,004,B-3,2.20.2020,8:15:00,08:45:00,1800.0,M,Plantation Key,Plantation Key,Founder's,C. corindum,Y,B,,0.036,N,T1,24.96424,-80.5673321
409,004,B-4,2.20.2020,8:15:00,08:45:00,1800.0,M,Key Largo,Key Largo,JP,C. corindum,Y,B,,0.029,N,T1,25.1284578,-80.4080913
149,004,A-2,2.20.2020,8:50:00,09:27:00,2220.0,F,North Key Largo,North Key Largo,Dynamite Docks,C. corindum,N,,,0.082,Y,T1,25.286747,-80.290592
371,004,A-4,2.20.2020,8:51:00,09:27:00,2160.0,M,Lake Placid,Highlands,110N Main,K.elegans,Y,C,,0.031,N,T1,27.298631,-81.36615
320,004,B-2,2.20.2020,8:52:00,09:27:00,2100.0,M,Key Largo,Key Largo,JP,C. corindum,N,,,0.047,N,T1,25.1284578,-80.4080913
44,004,B-3,2.20.2020,8:53:00,09:27:00,2040.0,F,Homestead,Miami-Dade,SW 296th St,K.elegans,Y,B,,0.062,N,T1,25.491362,-80.485821
375,004,B-4,2.20.2020,8:54:00,18:46:12,35532.0,F,Lake Wales,Polk,Polk Ave,K.elegans,Y,C,,0.063,N,T1,27.8967403,-81.5804654
71,004,A-3,2.20.2020,8:55:00,17:18:47,30227.0,M,Leesburg,Lake,Mount & 8th,K.elegans,Y,C,,0.035,N,T1,28.7963435,-81.8778849
104,004,A-2,2.20.2020,9:30:00,10:05:00,2100.0,M,Plantation Key,Plantation Key,Aregood Ln,C. corindum,N,,,0.057,N,T1,24.9735748,-80.5539224
360,004,A-4,2.20.2020,9:30:00,10:05:00,2100.0,F,North Key Largo,North Key Largo,N. Dagny,C. corindum,N,,,0.106,Y,T1,25.1820931,-80.3631938
155,004,B-1,2.20.2020,9:30:00,10:05:00,2100.0,F,Homestead,Miami-Dade,SW 296th St,K.elegans,N,,,0.092,Y,T1,25.491362,-80.485821
257,004,B-2,2.20.2020,9:30:00,10:05:00,2100.0,F,Homestead,Miami-Dade,SW 296th St,K.elegans,Y,BC,,0.042,N,T1,25.491362,-80.485821
396,004,B-3,2.20.2020,9:30:00,10:05:00,2100.0,M,Key Largo,Key Largo,KLMRL,C. corindum,Y,B,,0.051,N,T1,25.1000151,-80.437522
50,004,A-2,2.20.2020,10:08:00,10:41:00,1980.0,M,Homestead,Miami-Dade,SW 296th St,K.elegans,N,,,0.048,N,T1,25.491362,-80.485821
170,004,A-4,2.20.2020,10:08:00,10:42:00,2040.0,M,Lake Placid,Highlands,110N Main,K.elegans,Y,B,,0.045,N,T1,27.298631,-81.36615
229,004,B-1,2.20.2020,10:09:00,10:42:00,1980.0,F,North Key Largo,North Key Largo,Charlemagne,C. corindum,N,,,0.095,Y,T1,25.19515,-80.345916
66,004,B-2,2.20.2020,10:10:00,10:42:00,1920.0,M,Lake Wales,Polk,Polk Ave,K.elegans,Y,B,,0.036,N,T1,27.8967403,-81.5804654
176,004,B-3,2.20.2020,10:11:00,10:43:00,1920.0,F,Lake Wales,Polk,Polk Ave,K.elegans,N,,,0.058,Y,T1,27.8967403,-81.5804654
145,004,A-2,2.20.2020,10:46:00,18:38:39,28359.0,M,North Key Largo,North Key Largo,MM165,C. corindum,Y,C,,0.046,N,T1,25.2275238,-80.3283788
244,004,A-4,2.20.2020,10:47:00,11:21:00,2040.0,F,North Key Largo,North Key Largo,MM165,C. corindum,N,,,0.115,Y,T1,25.2275238,-80.3283788
132,004,B-1,2.20.2020,10:48:00,11:21:00,1980.0,F,North Key Largo,North Key Largo,DD front,C. corindum,N,,,0.074,N,T1,25.2734885,-80.3040957
376,004,B-2,2.20.2020,10:49:00,11:22:00,1980.0,M,Lake Wales,Polk,Polk Ave,K.elegans,N,,,0.031,N,T1,27.8967403,-81.5804654
425,004,B-3,2.20.2020,10:50:00,11:22:00,1920.0,M,North Key Largo,North Key Largo,Charlemagne,C. corindum,Y,B,,0.027,N,T1,25.19515,-80.345916
167,004,A-4,2.20.2020,11:24:00,11:56:00,1920.0,M,Lake Placid,Highlands,110N Main,K.elegans,N,,,0.029,N,T1,27.298631,-81.36615
334,004,B-1,2.20.2020,11:24:00,22:01:55,38275.0,F,North Key Largo,North Key Largo,Charlemagne,C. corindum,Y,C,,0.056,N,T1,25.19515,-80.345916
406,004,B-2,2.20.2020,11:25:00,11:56:00,1860.0,M,Key Largo,Key Largo,KLMRL,C. corindum,Y,B,,0.032,N,T1,25.1000151,-80.437522
434,005,A-2,2.21.2020,8:28:00,09:00:00,1920.0,,North Key Largo,North Key Largo,DD front,C. corindum,N,,,0.037,N,T1,25.2734885,-80.3040957
126,005,A-3,2.21.2020,8:28:00,09:00:00,1920.0,F,North Key Largo,North Key Largo,Carysfort,C. corindum,N,,,0.074,Y,T1,25.2565615,-80.3108042
393,005,A-4,2.21.2020,8:28:00,09:00:00,1920.0,F,Plantation Key,Plantation Key,Founder's,C. corindum,N,,,0.100,Y,T1,24.96424,-80.5673321
226,005,B-1,2.21.2020,8:28:00,09:00:00,1920.0,F,North Key Largo,North Key Largo,Charlemagne,C. corindum,Y,B,,0.057,N,T1,25.19515,-80.345916
125,005,B-2,2.21.2020,8:28:00,09:30:00,3720.0,M,North Key Largo,North Key Largo,N. Dagny,C. corindum,Y,C,,0.043,N,T1,25.1820931,-80.3631938
389,005,B-3,2.21.2020,8:28:00,09:00:00,1920.0,F,Plantation Key,Plantation Key,Founder's,C. corindum,N,,,0.105,N,T1,24.96424,-80.5673321
91,005,B-4,2.21.2020,8:28:00,09:00:00,1920.0,F,North Key Largo,North Key Largo,Dynamite Docks,C. corindum,N,,,0.079,Y,T1,25.286747,-80.290592
86,005,A-2,2.21.2020,9:04:00,09:39:00,2100.0,M,Gainesville,Alachua,23rd & 8th,K.elegans,N,,,0.033,N,T1,29.66200224,-82.347313
102,005,A-3,2.21.2020,9:05:00,09:39:00,2040.0,M,Plantation Key,Plantation Key,Aregood Ln,C. corindum,Y,B,,0.043,N,T1,24.9735748,-80.5539224
271,005,A-4,2.21.2020,9:06:00,12:34:00,12480.0,F,Lake Wales,Polk,Polk Ave,K.elegans,Y,C,,0.050,N,T1,27.8967403,-81.5804654
5,005,B-1,2.21.2020,9:07:00,09:39:00,1920.0,F,Plantation Key,Plantation Key,Aregood Ln,C. corindum,N,,DATA COL: did not fly from the windaq file,0.087,Y,T1,24.9735748,-80.5539224
332,005,B-3,2.21.2020,9:08:00,09:57:00,2940.0,M,North Key Largo,North Key Largo,Charlemagne,C. corindum,Y,C,,0.029,N,T1,25.19515,-80.345916
41,005,B-4,2.21.2020,9:08:00,09:39:00,1860.0,F,Homestead,Miami-Dade,SW 296th St,K.elegans,N,,DATA COL: did not fly from the windaq file but recording also had voltage problem,0.122,Y,T1,25.491362,-80.485821
216,005,A-2,2.21.2020,9:41:00,10:17:00,2160.0,M,Key Largo,Key Largo,JP,C. corindum,N,,,0.047,N,T1,25.1284578,-80.4080913
6,005,A-3,2.21.2020,9:41:00,11:14:00,5580.0,M,Plantation Key,Plantation Key,Founder's,C. corindum,Y,C,DATA COL: time_end from windaq file,0.042,N,T1,24.96424,-80.5673321
351,005,B-1,2.21.2020,9:42:00,13:13:00,12660.0,M,North Key Largo,North Key Largo,N. Dagny,C. corindum,Y,BC,,0.034,N,T1,25.1820931,-80.3631938
306,005,B-2,2.21.2020,9:42:00,13:12:00,12600.0,M,Plantation Key,Plantation Key,Founder's,C. corindum,Y,C,BUG: flying in place at 10:23 - look at windaq file to see what flying-in-place motion looks like; time_end from windaq file,0.041,N,T1,24.96424,-80.5673321
248,005,B-4,2.21.2020,9:43:00,10:48:00,3900.0,M,North Key Largo,North Key Largo,N. Dagny,C. corindum,Y,C,,0.037,N,T1,25.1820931,-80.3631938
433,005,A-2,2.21.2020,10:18:00,10:49:00,1860.0,M,North Key Largo,North Key Largo,DD front,C. corindum,Y,B,,0.035,N,T1,25.2734885,-80.3040957
321,005,B-3,2.21.2020,10:19:00,10:49:00,1800.0,F,North Key Largo,North Key Largo,DD front,C. corindum,N,,,0.050,Y,T1,25.2734885,-80.3040957
45,005,A-2,2.21.2020,10:50:00,11:20:00,1800.0,M,Homestead,Miami-Dade,SW 296th St,K.elegans,Y,B,PAINT: paint fell off between 20-30 min into the trial,0.031,N,T1,25.491362,-80.485821
109,005,B-3,2.21.2020,10:50:00,11:20:00,1800.0,F,Plantation Key,Plantation Key,Founder's,C. corindum,N,,,0.053,Y,T1,24.96424,-80.5673321
9,006,A-1,2.24.2020,8:34:00,12:19:00,13500.0,M,Plantation Key,Plantation Key,Founder's,C. corindum,Y,C,,0.043,N,T1,24.96424,-80.5673321
218,006,A-2,2.24.2020,8:34:00,09:13:00,2340.0,M,Key Largo,Key Largo,JP,C. corindum,Y,B,,0.046,N,T1,25.1284578,-80.4080913
419,006,A-3,2.24.2020,8:35:00,09:14:00,2340.0,M,North Key Largo,North Key Largo,N. Dagny,C. corindum,N,,,0.037,N,T1,25.1820931,-80.3631938
262,006,A-4,2.24.2020,8:36:00,12:19:00,13380.0,M,Lake Placid,Highlands,110N Main,K.elegans,Y,,SENSOR: sudden drop to 1/2 voltage (baseline @ 2 V),0.037,N,T1,27.298631,-81.36615
250,006,B-1,2.24.2020,8:40:00,09:14:00,2040.0,M,North Key Largo,North Key Largo,N. Dagny,C. corindum,N,,,0.040,N,T1,25.1820931,-80.3631938
72,006,B-2,2.24.2020,8:40:00,09:14:00,2040.0,M,Leesburg,Lake,Mount & 8th,K.elegans,Y,B,,0.044,N,T1,28.7963435,-81.8778849
2,006,B-3,2.24.2020,8:40:00,09:14:00,2040.0,M,Plantation Key,Plantation Key,Aregood Ln,C. corindum,N,,,0.037,N,T1,24.9735748,-80.5539224
403,006,B-4,2.24.2020,8:40:00,18:38:24,35904.0,M,Plantation Key,Plantation Key,Founder's,C. corindum,Y,C,,0.054,N,T1,24.96424,-80.5673321
420,006,A-2,2.24.2020,9:15:00,09:52:00,2220.0,F,North Key Largo,North Key Largo,N. Dagny,C. corindum,N,,,0.079,Y,T1,25.1820931,-80.3631938
256,006,A-3,2.24.2020,9:18:00,09:52:00,2040.0,M,Homestead,Miami-Dade,SW 296th St,K.elegans,N,,,0.034,N,T1,25.491362,-80.485821
158,006,B-1,2.24.2020,9:19:00,09:52:00,1980.0,M,Homestead,Miami-Dade,SW 296th St,K.elegans,N,,,0.024,N,T1,25.491362,-80.485821
405,006,B-2,2.24.2020,9:20:00,09:52:00,1920.0,F,Plantation Key,Plantation Key,Founder's,C. corindum,N,,,0.064,Y,T1,24.96424,-80.5673321
43,006,B-3,2.24.2020,9:20:00,09:52:00,1920.0,F,Homestead,Miami-Dade,SW 296th St,K.elegans,N,,,0.062,Y,T1,25.491362,-80.485821
7,006,A-2,2.24.2020,9:54:00,21:16:42,40962.0,F,Plantation Key,Plantation Key,Founder's,C. corindum,Y,C,,0.064,N,T1,24.96424,-80.5673321
16,006,A-3,2.24.2020,9:55:00,10:29:00,2040.0,F,Key Largo,Key Largo,JP,C. corindum,N,,,0.045,N,T1,25.1284578,-80.4080913
187,006,B-1,2.24.2020,9:56:00,10:29:00,1980.0,F,Leesburg,Lake,Mount & 8th,K.elegans,N,,,0.117,Y,T1,28.7963435,-81.8778849
390,006,B-2,2.24.2020,9:57:00,10:29:00,1920.0,F,Plantation Key,Plantation Key,Founder's,C. corindum,N,,,0.049,Y,T1,24.96424,-80.5673321
103,006,B-3,2.24.2020,9:58:00,10:29:00,1860.0,F,Plantation Key,Plantation Key,Aregood Ln,C. corindum,N,,,0.050,N,T1,24.9735748,-80.5539224
81,006,A-3,2.24.2020,10:30:00,11:05:00,2100.0,M,Gainesville,Alachua,23rd & 8th,K.elegans,N,,,0.038,N,T1,29.66200224,-82.347313
146,006,B-1,2.24.2020,10:31:00,11:05:00,2040.0,F,North Key Largo,North Key Largo,Dynamite Docks,C. corindum,N,,,0.029,N,T1,25.286747,-80.290592
240,006,B-2,2.24.2020,10:32:00,11:05:00,1980.0,M,North Key Largo,North Key Largo,Dagny Trellis,C. corindum,Y,B,,0.039,N,T1,25.1755702,-80.36780089
230,006,B-3,2.24.2020,10:33:00,11:05:00,1920.0,M,North Key Largo,North Key Largo,Charlemagne,C. corindum,Y,B,,0.039,N,T1,25.19515,-80.345916
206,006,A-3,2.24.2020,11:07:00,11:42:00,2100.0,M,Plantation Key,Plantation Key,Founder's,C. corindum,N,,,0.038,N,T1,24.96424,-80.5673321
217,006,B-1,2.24.2020,11:08:00,11:42:00,2040.0,F,Key Largo,Key Largo,JP,C. corindum,N,,,0.107,Y,T1,25.1284578,-80.4080913
124,006,B-2,2.24.2020,11:09:00,11:42:00,1980.0,M,North Key Largo,North Key Largo,N. Dagny,C. corindum,Y,B,,0.040,N,T1,25.1820931,-80.3631938
233,006,B-3,2.24.2020,11:10:00,11:42:00,1920.0,F,North Key Largo,North Key Largo,Carysfort,C. corindum,N,,,0.066,Y,T1,25.2565615,-80.3108042
281,006,A-3,2.24.2020,11:45:00,12:19:00,2040.0,M,Leesburg,Lake,Mount & 8th,K.elegans,Y,B,,0.030,N,T1,28.7963435,-81.8778849
417,006,B-1,2.24.2020,11:46:00,12:19:00,1980.0,M,North Key Largo,North Key Largo,N. Dagny,C. corindum,Y,B,,0.037,N,T1,25.1820931,-80.3631938
205,006,B-2,2.24.2020,11:47:00,12:19:00,1920.0,M,Plantation Key,Plantation Key,Aregood Ln,C. corindum,Y,B,,0.039,N,T1,24.9735748,-80.5539224
415,006,B-3,2.24.2020,11:47:00,12:19:00,1920.0,M,North Key Largo,North Key Largo,N. Dagny,C. corindum,Y,CB,,0.042,N,T1,25.1820931,-80.3631938
319,006,A-1,2.24.2020,13:35:00,14:11:00,2160.0,F,Key Largo,Key Largo,JP,C. corindum,Y,B,,0.099,N,T1,25.1284578,-80.4080913
110,006,A-3,2.24.2020,13:36:00,14:11:00,2100.0,M,Plantation Key,Plantation Key,Founder's,C. corindum,Y,B,,0.028,N,T1,24.96424,-80.5673321
118,006,A-4,2.24.2020,13:39:00,14:11:00,1920.0,M,Key Largo,Key Largo,JP,C. corindum,N,,,0.040,N,T1,25.1284578,-80.4080913
34,006,B-1,2.24.2020,13:40:00,15:25:00,6300.0,M,North Key Largo,North Key Largo,Carysfort,C. corindum,Y,C,,0.046,N,T1,25.2565615,-80.3108042
259,006,B-2,2.24.2020,13:40:00,14:11:00,1860.0,M,Homestead,Miami-Dade,SW 296th St,K.elegans,Y,B,,0.032,N,T1,25.491362,-80.485821
294,006,A-1,2.24.2020,14:15:00,14:50:00,2100.0,M,Gainesville,Alachua,23rd & 8th,K.elegans,Y,B,,0.033,N,T1,29.66200224,-82.347313
416,006,A-3,2.24.2020,14:16:00,14:50:00,2040.0,M,North Key Largo,North Key Largo,N. Dagny,C. corindum,Y,B,,0.034,N,T1,25.1820931,-80.3631938
47,006,B-2,2.24.2020,14:17:00,22:00:57,27837.0,F,Homestead,Miami-Dade,SW 296th St,K.elegans,Y,C,,0.059,N,T1,25.491362,-80.485821
411,006,B-3,2.24.2020,14:19:00,14:50:00,1860.0,M,North Key Largo,North Key Largo,N. Dagny,C. corindum,Y,B,,0.036,N,T1,25.1820931,-80.3631938
328,006,A-1,2.24.2020,14:53:00,15:35:00,2520.0,F,North Key Largo,North Key Largo,DD front,C. corindum,N,,,0.074,Y,T1,25.2734885,-80.3040957
8,006,A-3,2.24.2020,14:54:00,15:25:00,1860.0,F,Plantation Key,Plantation Key,Founder's,C. corindum,N,,,0.109,Y,T1,24.96424,-80.5673321
13,006,B-3,2.24.2020,14:55:00,15:35:00,2400.0,F,Key Largo,Key Largo,KLMRL,C. corindum,N,,,0.131,Y,T1,25.1000151,-80.437522
335,006,A-1,2.24.2020,15:38:00,16:00:00,1320.0,M,North Key Largo,North Key Largo,Charlemagne,C. corindum,N,,BUG: paint on antennae-freaked out ,0.033,N,T1,25.19515,-80.345916
201,007,A-1,2.25.2020,8:05:00,10:59:00,10440.0,M,Plantation Key,Plantation Key,Aregood Ln,C. corindum,Y,C,,0.035,N,T1,24.9735748,-80.5539224
346,007,A-2,2.25.2020,8:05:00,08:37:00,1920.0,F,North Key Largo,North Key Largo,MM165,C. corindum,N,,,0.179,Y,T1,25.2275238,-80.3283788
53,007,A-3,2.25.2020,8:05:00,08:37:00,1920.0,F,Lake Placid,Highlands,110N Main,K.elegans,Y,B,,0.106,Y,T1,27.298631,-81.36615
349,007,A-4,2.25.2020,8:05:00,08:37:00,1920.0,M,North Key Largo,North Key Largo,MM165,C. corindum,N,,,0.036,N,T1,25.2275238,-80.3283788
439,007,B-1,2.25.2020,8:07:00,08:37:00,1800.0,M,North Key Largo,North Key Largo,DD front,C. corindum,Y,B,,0.033,N,T1,25.2734885,-80.3040957
93,007,B-2,2.25.2020,8:07:00,08:37:00,1800.0,F,North Key Largo,North Key Largo,Dynamite Docks,C. corindum,N,,,0.053,N,T1,25.286747,-80.290592
310,007,B-3,2.25.2020,8:07:00,08:37:00,1800.0,M,Plantation Key,Plantation Key,Founder's,C. corindum,Y,B,,0.045,N,T1,24.96424,-80.5673321
87,007,B-4,2.25.2020,8:07:00,08:37:00,1800.0,M,Gainesville,Alachua,23rd & 8th,K.elegans,Y,B,,0.032,N,T1,29.66200224,-82.347313
237,007,A-2,2.25.2020,8:42:00,09:18:00,2160.0,F,North Key Largo,North Key Largo,Dagny Trellis,C. corindum,N,,,0.072,Y,T1,25.1755702,-80.36780089
235,007,A-3,2.25.2020,8:43:00,09:18:00,2100.0,M,North Key Largo,North Key Largo,Carysfort,C. corindum,Y,B,,0.039,N,T1,25.2565615,-80.3108042
266,007,A-4,2.25.2020,8:44:00,09:18:00,2040.0,M,Lake Placid,Highlands,110N Main,K.elegans,Y,B,,0.030,N,T1,27.298631,-81.36615
260,007,B-1,2.25.2020,8:45:00,09:18:00,1980.0,F,Homestead,Miami-Dade,SW 296th St,K.elegans,N,,,0.026,N,T1,25.491362,-80.485821
314,007,B-2,2.25.2020,8:46:00,09:18:00,1920.0,F,Key Largo,Key Largo,KLMRL,C. corindum,N,,,0.070,Y,T1,25.1000151,-80.437522
99,007,B-3,2.25.2020,8:47:00,09:18:00,1860.0,M,North Key Largo,North Key Largo,MM165,C. corindum,N,,,0.030,N,T1,25.2275238,-80.3283788
38,007,B-4,2.25.2020,8:48:00,11:37:00,10140.0,M,North Key Largo,North Key Largo,Dagny Trellis,C. corindum,Y,C,,0.040,N,T1,25.1755702,-80.36780089
382,007,A-2,2.25.2020,9:20:00,13:39:00,15540.0,M,Plantation Key,Plantation Key,Founder's,C. corindum,Y,C,,0.034,N,T1,24.96424,-80.5673321
209,007,A-3,2.25.2020,9:21:00,11:59:00,9480.0,M,Plantation Key,Plantation Key,Founder's,C. corindum,Y,C,,0.038,N,T1,24.96424,-80.5673321
42,007,A-4,2.25.2020,9:22:00,09:56:00,2040.0,F,Homestead,Miami-Dade,SW 296th St,K.elegans,Y,B,,0.069,N,T1,25.491362,-80.485821
282,007,B-1,2.25.2020,9:23:00,19:14:01,35461.0,M,Leesburg,Lake,Mount & 8th,K.elegans,Y,C,,0.034,N,T1,28.7963435,-81.8778849
161,007,B-2,2.25.2020,9:24:00,16:03:00,23940.0,F,Lake Placid,Highlands,110N Main,K.elegans,Y,C,,0.066,N,T1,27.298631,-81.36615
413,007,B-3,2.25.2020,9:25:00,09:56:00,1860.0,M,North Key Largo,North Key Largo,N. Dagny,C. corindum,N,,,0.049,N,T1,25.1820931,-80.3631938
56,007,A-4,2.25.2020,9:57:00,15:28:00,19860.0,M,Lake Placid,Highlands,110N Main,K.elegans,Y,C,,0.036,N,T1,27.298631,-81.36615
215,007,B-3,2.25.2020,9:58:00,22:01:09,43389.0,M,Key Largo,Key Largo,KLMRL,C. corindum,Y,C,,0.048,N,T1,25.1000151,-80.437522
246,007,A-1,2.25.2020,11:00:00,11:30:00,1800.0,F,North Key Largo,North Key Largo,N. Dagny,C. corindum,N,,,0.133,Y,T1,25.1820931,-80.3631938
394,007,A-1,2.25.2020,11:30:00,21:46:50,37010.0,M,Plantation Key,Plantation Key,Founder's,C. corindum,Y,C,,0.026,N,T1,24.96424,-80.5673321
25,007,A-3,2.25.2020,12:00:00,12:31:00,1860.0,F,North Key Largo,North Key Largo,DD front,C. corindum,Y,C,,0.052,N,T1,25.2734885,-80.3040957
192,007,B-4,2.25.2020,12:00:00,12:30:00,1800.0,M,Gainesville,Alachua,23rd & 8th,K.elegans,N,,,0.054,N,T1,29.66200224,-82.347313
428,007,B-4,2.25.2020,12:30:00,13:00:00,1800.0,F,North Key Largo,North Key Largo,Charlemagne,C. corindum,N,,,0.060,Y,T1,25.19515,-80.345916
222,007,A-2,2.25.2020,13:42:00,14:16:00,2040.0,F,North Key Largo,North Key Largo,DD front,C. corindum,N,,,0.146,Y,T1,25.2734885,-80.3040957
263,007,A-3,2.25.2020,13:44:00,14:16:00,1920.0,F,Lake Placid,Highlands,110N Main,K.elegans,N,,,0.061,N,T1,27.298631,-81.36615
46,007,B-4,2.25.2020,13:46:00,14:16:00,1800.0,M,Homestead,Miami-Dade,SW 296th St,K.elegans,Y,B,,0.033,N,T1,25.491362,-80.485821
59,007,A-2,2.25.2020,14:20:00,14:52:00,1920.0,F,Lake Placid,Highlands,110N Main,K.elegans,N,,,0.089,Y,T1,27.298631,-81.36615
184,007,A-3,2.25.2020,14:20:00,14:52:00,1920.0,M,Leesburg,Lake,Mount & 8th,K.elegans,Y,B,,0.027,N,T1,28.7963435,-81.8778849
327,007,B-4,2.25.2020,14:20:00,14:52:00,1920.0,F,North Key Largo,North Key Largo,DD front,C. corindum,N,,,0.078,Y,T1,25.2734885,-80.3040957
188,007,A-2,2.25.2020,14:55:00,15:28:00,1980.0,F,Leesburg,Lake,Mount & 8th,K.elegans,N,,,0.050,Y,T1,28.7963435,-81.8778849
30,007,A-3,2.25.2020,14:56:00,15:28:00,1920.0,F,North Key Largo,North Key Largo,Charlemagne,C. corindum,N,,,0.091,Y,T1,25.19515,-80.345916
254,007,B-4,2.25.2020,14:57:00,15:28:00,1860.0,F,Homestead,Miami-Dade,SW 296th St,K.elegans,Y,B,,0.071,Y,T1,25.491362,-80.485821
383,007,A-2,2.25.2020,15:30:00,18:30:38,10838.0,M,Plantation Key,Plantation Key,Founder's,C. corindum,Y,C,,0.050,N,T1,24.96424,-80.5673321
339,007,A-3,2.25.2020,15:30:00,16:03:00,1980.0,F,North Key Largo,North Key Largo,Carysfort,C. corindum,N,,,NA,NA,T1,25.2565615,-80.3108042
48,007,A-4,2.25.2020,15:31:00,16:03:00,1920.0,F,Homestead,Miami-Dade,SW 296th St,K.elegans,N,,,NA,NA,T1,25.491362,-80.485821
342,007,B-4,2.25.2020,15:32:00,16:03:00,1860.0,F,North Key Largo,North Key Largo,Dagny Trellis,C. corindum,Y,CB,,NA,NA,T1,25.1755702,-80.36780089
168,008,A-1,2.26.2020,9:05:00,09:35:00,1800.0,F,Lake Placid,Highlands,110N Main,K.elegans,N,,,0.052,N,T1,27.298631,-81.36615
96,008,A-2,2.26.2020,9:05:00,09:35:00,1800.0,F,North Key Largo,North Key Largo,MM165,C. corindum,N,,,0.098,Y,T1,25.2275238,-80.3283788
40,008,A-3,2.26.2020,9:05:00,10:17:00,4320.0,M,North Key Largo,North Key Largo,Dagny Trellis,C. corindum,Y,C,,0.033,N,T1,25.1755702,-80.36780089
307,008,A-4,2.26.2020,9:05:00,10:55:00,6600.0,M,Plantation Key,Plantation Key,Founder's,C. corindum,Y,C,,0.029,N,T1,24.96424,-80.5673321
437,008,B-1,2.26.2020,9:05:00,09:35:00,1800.0,M,North Key Largo,North Key Largo,DD front,C. corindum,Y,B,,0.046,N,T1,25.2734885,-80.3040957
407,008,B-2,2.26.2020,9:05:00,09:35:00,1800.0,F,Key Largo,Key Largo,JP,C. corindum,N,,,0.076,Y,T1,25.1284578,-80.4080913
200,008,B-3,2.26.2020,9:05:00,09:35:00,1800.0,M,Gainesville,Alachua,23rd & 8th,K.elegans,Y,B,,0.033,N,T1,29.66200224,-82.347313
304,008,B-4,2.26.2020,9:05:00,09:35:00,1800.0,M,Plantation Key,Plantation Key,Aregood Ln,C. corindum,N,,,0.028,N,T1,24.9735748,-80.5539224
212,008,A-1,2.26.2020,9:40:00,22:02:33,44553.0,M,Key Largo,Key Largo,KLMRL,C. corindum,Y,C,,0.033,N,T1,25.1000151,-80.437522
136,008,A-2,2.26.2020,9:41:00,17:07:41,26801.0,F,North Key Largo,North Key Largo,Dagny Trellis,C. corindum,Y,C,,0.051,Y,T1,25.1755702,-80.36780089
309,008,B-1,2.26.2020,9:42:00,16:30:00,24480.0,M,Plantation Key,Plantation Key,Founder's,C. corindum,Y,C,,0.035,N,T1,24.96424,-80.5673321
397,008,B-2,2.26.2020,9:43:00,10:18:00,2100.0,M,Key Largo,Key Largo,KLMRL,C. corindum,Y,B,,0.047,N,T1,25.1000151,-80.437522
265,008,B-3,2.26.2020,9:45:00,10:18:00,1980.0,F,Lake Placid,Highlands,110N Main,K.elegans,N,,,0.049,N,T1,27.298631,-81.36615
156,008,B-4,2.26.2020,9:46:00,10:18:00,1920.0,F,Homestead,Miami-Dade,SW 296th St,K.elegans,N,,,0.060,Y,T1,25.491362,-80.485821
225,008,A-3,2.26.2020,10:20:00,11:10:00,3000.0,M,North Key Largo,North Key Largo,DD front,C. corindum,Y,C,,0.038,N,T1,25.2734885,-80.3040957
392,008,B-2,2.26.2020,10:21:00,10:55:00,2040.0,M,Plantation Key,Plantation Key,Founder's,C. corindum,Y,B,,0.026,N,T1,24.96424,-80.5673321
31,008,B-3,2.26.2020,10:23:00,10:55:00,1920.0,F,North Key Largo,North Key Largo,Carysfort,C. corindum,N,,,0.101,Y,T1,25.2565615,-80.3108042
253,008,B-4,2.26.2020,10:24:00,10:55:00,1860.0,F,Homestead,Miami-Dade,SW 296th St,K.elegans,Y,B,,0.129,Y,T1,25.491362,-80.485821
231,008,A-4,2.26.2020,10:57:00,11:31:00,2040.0,M,North Key Largo,North Key Largo,Carysfort,C. corindum,Y,C,,0.039,N,T1,25.2565615,-80.3108042
105,008,B-2,2.26.2020,10:58:00,11:31:00,1980.0,M,Plantation Key,Plantation Key,Aregood Ln,C. corindum,N,,,0.044,N,T1,24.9735748,-80.5539224
112,008,B-3,2.26.2020,10:59:00,11:31:00,1920.0,F,Key Largo,Key Largo,KLMRL,C. corindum,N,,,0.073,Y,T1,25.1000151,-80.437522
343,008,B-4,2.26.2020,11:00:00,19:00:59,28859.0,M,North Key Largo,North Key Largo,Dagny Trellis,C. corindum,Y,C,,0.041,N,T1,25.1755702,-80.36780089
355,008,A-3,2.26.2020,11:41:00,13:37:00,6960.0,M,North Key Largo,North Key Largo,N. Dagny,C. corindum,Y,C,,0.027,N,T1,25.1820931,-80.3631938
95,008,A-4,2.26.2020,11:43:00,12:15:00,1920.0,M,North Key Largo,North Key Largo,Dynamite Docks,C. corindum,Y,B,,0.049,N,T1,25.286747,-80.290592
77,008,B-2,2.26.2020,11:45:00,13:35:00,6600.0,M,Leesburg,Lake,Mount & 8th,K.elegans,Y,C,,0.036,N,T1,28.7963435,-81.8778849
120,008,B-3,2.26.2020,11:46:00,12:15:00,1740.0,M,Key Largo,Key Largo,JP,C. corindum,Y,B,,0.029,N,T1,25.1284578,-80.4080913
193,008,A-3,2.26.2020,13:38:00,14:09:00,1860.0,M,Gainesville,Alachua,23rd & 8th,K.elegans,N,,,0.039,N,T1,29.66200224,-82.347313
308,008,A-4,2.26.2020,13:39:00,14:11:00,1920.0,F,Plantation Key,Plantation Key,Founder's,C. corindum,Y,B,,0.072,N,T1,24.96424,-80.5673321
385,008,B-2,2.26.2020,13:40:00,14:11:00,1860.0,F,Plantation Key,Plantation Key,Founder's,C. corindum,Y,B,,0.067,Y,T1,24.96424,-80.5673321
52,008,B-3,2.26.2020,13:41:00,22:06:01,30301.0,M,Lake Placid,Highlands,110N Main,K.elegans,Y,BC,,0.038,N,T1,27.298631,-81.36615
90,008,A-3,2.26.2020,14:13:00,14:45:00,1920.0,M,Gainesville,Alachua,23rd & 8th,K.elegans,Y,B,,0.033,N,T1,29.66200224,-82.347313
119,008,A-4,2.26.2020,14:14:00,14:45:00,1860.0,F,Key Largo,Key Largo,JP,C. corindum,Y,B,,0.043,N,T1,25.1284578,-80.4080913
3,008,B-2,2.26.2020,14:15:00,14:45:00,1800.0,M,Plantation Key,Plantation Key,Aregood Ln,C. corindum,Y,B,,0.048,N,T1,24.9735748,-80.5539224
316,008,A-3,2.26.2020,14:46:00,15:18:00,1920.0,M,Key Largo,Key Largo,JP,C. corindum,Y,B,,0.036,N,T1,25.1284578,-80.4080913
344,008,A-4,2.26.2020,14:47:00,15:18:00,1860.0,M,North Key Largo,North Key Largo,Dagny Trellis,C. corindum,N,,,0.040,N,T1,25.1755702,-80.36780089
359,008,B-2,2.26.2020,14:48:00,15:18:00,1800.0,M,North Key Largo,North Key Largo,N. Dagny,C. corindum,Y,B,,0.026,N,T1,25.1820931,-80.3631938
388,008,A-3,2.26.2020,15:19:00,15:53:00,2040.0,M,Plantation Key,Plantation Key,Founder's,C. corindum,Y,B,,0.051,N,T1,24.96424,-80.5673321
421,008,A-4,2.26.2020,15:20:00,15:53:00,1980.0,M,North Key Largo,North Key Largo,N. Dagny,C. corindum,Y,B,,0.044,N,T1,25.1820931,-80.3631938
249,008,B-2,2.26.2020,15:21:00,19:37:33,15393.0,M,North Key Largo,North Key Largo,N. Dagny,C. corindum,Y,C,,0.043,N,T1,25.1820931,-80.3631938
211,008,A-3,2.26.2020,15:54:00,16:30:00,2160.0,F,Key Largo,Key Largo,KLMRL,C. corindum,N,,,0.056,N,T1,25.1000151,-80.437522
140,008,A-4,2.26.2020,15:55:00,16:30:00,2100.0,F,North Key Largo,North Key Largo,Dagny Trellis,C. corindum,Y,,,0.090,N,T1,25.1755702,-80.36780089
108,009,A-1,2.27.2020,8:13:00,08:50:00,2220.0,M,Plantation Key,Plantation Key,Founder's,C. corindum,N,,,0.048,N,T1,24.96424,-80.5673321
210,009,A-2,2.27.2020,8:14:00,10:40:00,8760.0,F,Plantation Key,Plantation Key,Founder's,C. corindum,Y,C,,0.047,N,T1,24.96424,-80.5673321
245,009,A-3,2.27.2020,8:15:00,08:50:00,2100.0,M,North Key Largo,North Key Largo,MM165,C. corindum,N,,,0.035,N,T1,25.2275238,-80.3283788
384,009,A-4,2.27.2020,8:15:00,08:50:00,2100.0,M,Plantation Key,Plantation Key,Founder's,C. corindum,Y,B,,0.031,N,T1,24.96424,-80.5673321
315,009,B-1,2.27.2020,8:16:00,08:50:00,2040.0,M,Key Largo,Key Largo,KLMRL,C. corindum,Y,CB,,0.032,N,T1,25.1000151,-80.437522
358,009,B-3,2.27.2020,8:17:00,08:50:00,1980.0,M,North Key Largo,North Key Largo,N. Dagny,C. corindum,N,,,0.029,N,T1,25.1820931,-80.3631938
424,009,B-4,2.27.2020,8:18:00,08:50:00,1920.0,F,North Key Largo,North Key Largo,Charlemagne,C. corindum,Y,CB,,0.060,N,T1,25.19515,-80.345916
18,009,A-1,2.27.2020,8:54:00,22:11:41,47861.0,M,Key Largo,Key Largo,JP,C. corindum,Y,C,DATA COL: was still flying but took down (thought 24 hours was the limit),0.043,N,T1,25.1284578,-80.4080913
131,009,A-3,2.27.2020,8:55:00,22:00:51,47151.0,M,North Key Largo,North Key Largo,DD front,C. corindum,Y,C,,0.040,N,T1,25.2734885,-80.3040957
26,009,A-4,2.27.2020,8:56:00,09:32:00,2160.0,F,North Key Largo,North Key Largo,Charlemagne,C. corindum,Y,B,SENSOR: A-4 having sporadic readings ,0.039,N,T1,25.19515,-80.345916
29,009,B-1,2.27.2020,8:58:00,09:32:00,2040.0,F,North Key Largo,North Key Largo,Charlemagne,C. corindum,N,,,0.048,Y,T1,25.19515,-80.345916
49,009,B-2,2.27.2020,8:59:00,09:32:00,1980.0,M,Homestead,Miami-Dade,SW 296th St,K.elegans,N,,,0.052,N,T1,25.491362,-80.485821
400,009,B-3,2.27.2020,9:00:00,09:32:00,1920.0,M,Key Largo,Key Largo,KLMRL,C. corindum,N,,,0.045,N,T1,25.1000151,-80.437522
357,009,B-4,2.27.2020,9:01:00,09:32:00,1860.0,M,North Key Largo,North Key Largo,N. Dagny,C. corindum,Y,B,,0.028,N,T1,25.1820931,-80.3631938
353,009,A-4,2.27.2020,9:36:00,11:36:00,7200.0,M,North Key Largo,North Key Largo,N. Dagny,C. corindum,Y,C,,0.038,N,T1,25.1820931,-80.3631938
438,009,B-1,2.27.2020,9:37:00,22:03:45,44805.0,F,North Key Largo,North Key Largo,DD front,C. corindum,Y,BC,,0.069,N,T1,25.2734885,-80.3040957
429,009,B-2,2.27.2020,9:38:00,10:17:00,2340.0,F,North Key Largo,North Key Largo,Charlemagne,C. corindum,N,,,0.079,Y,T1,25.19515,-80.345916
10,009,B-3,2.27.2020,9:39:00,10:17:00,2280.0,M,Plantation Key,Plantation Key,Founder's,C. corindum,Y,B,,0.057,N,T1,24.96424,-80.5673321
303,009,B-4,2.27.2020,9:40:00,13:15:00,12900.0,M,Plantation Key,Plantation Key,Aregood Ln,C. corindum,Y,C,,0.042,N,T1,24.9735748,-80.5539224
232,009,B-2,2.27.2020,10:18:00,10:40:00,1320.0,M,North Key Largo,North Key Largo,Carysfort,C. corindum,N,,,0.048,N,T1,25.2565615,-80.3108042
135,009,B-3,2.27.2020,10:19:00,10:40:00,1260.0,F,North Key Largo,North Key Largo,DD front,C. corindum,N,,,0.132,Y,T1,25.2734885,-80.3040957
137,009,A-2,2.27.2020,10:42:00,14:54:00,15120.0,M,North Key Largo,North Key Largo,Dagny Trellis,C. corindum,Y,C,,0.048,N,T1,25.1755702,-80.36780089
98,009,B-2,2.27.2020,10:43:00,11:13:00,1800.0,M,North Key Largo,North Key Largo,MM165,C. corindum,N,,,0.033,N,T1,25.2275238,-80.3283788
345,009,B-3,2.27.2020,10:44:00,11:13:00,1740.0,F,North Key Largo,North Key Largo,Dagny Trellis,C. corindum,N,,,0.082,Y,T1,25.1755702,-80.36780089
197,009,B-2,2.27.2020,11:13:00,11:43:00,1800.0,M,Gainesville,Alachua,23rd & 8th,K.elegans,N,,,0.030,N,T1,29.66200224,-82.347313
350,009,B-3,2.27.2020,11:14:00,18:00:00,24360.0,M,North Key Largo,North Key Largo,MM165,C. corindum,Y,BC,DATA COL: taken down before Ana left but time not written down,0.030,N,T1,25.2275238,-80.3283788
183,009,A-4,2.27.2020,11:46:00,13:18:00,5520.0,M,Leesburg,Lake,Mount & 8th,K.elegans,Y,C,,0.033,N,T1,28.7963435,-81.8778849
325,009,B-2,2.27.2020,11:47:00,12:17:00,1800.0,M,North Key Largo,North Key Largo,DD front,C. corindum,Y,B,,0.046,N,T1,25.2734885,-80.3040957
35,009,B-2,2.27.2020,13:16:00,13:48:00,1920.0,M,North Key Largo,North Key Largo,Carysfort,C. corindum,Y,B,,0.032,N,T1,25.2565615,-80.3108042
154,009,A-4,2.27.2020,13:18:00,13:48:00,1800.0,M,Homestead,Miami-Dade,SW 296th St,K.elegans,N,,,0.024,N,T1,25.491362,-80.485821
83,010,A-1,2.28.2020,8:00:00,08:37:00,2220.0,M,Gainesville,Alachua,23rd & 8th,K.elegans,N,,,0.048,N,T1,29.66200224,-82.347313
20,010,A-2,2.28.2020,8:01:00,08:37:00,2160.0,F,Key Largo,Key Largo,JP,C. corindum,Y,B,,0.066,N,T1,25.1284578,-80.4080913
313,010,A-3,2.28.2020,8:02:00,08:37:00,2100.0,M,Key Largo,Key Largo,KLMRL,C. corindum,N,,,0.039,N,T1,25.1000151,-80.437522
24,010,A-4,2.28.2020,8:03:00,08:37:00,2040.0,M,North Key Largo,North Key Largo,DD front,C. corindum,Y,B,,0.042,N,T1,25.2734885,-80.3040957
236,010,B-1,2.28.2020,8:04:00,08:37:00,1980.0,M,North Key Largo,North Key Largo,Dagny Trellis,C. corindum,Y,B,,0.044,N,T1,25.1755702,-80.36780089
22,010,B-2,2.28.2020,8:05:00,08:37:00,1920.0,M,North Key Largo,North Key Largo,DD front,C. corindum,N,,,0.043,N,T1,25.2734885,-80.3040957
214,010,B-3,2.28.2020,8:06:00,08:37:00,1860.0,F,Key Largo,Key Largo,KLMRL,C. corindum,Y,B,,0.105,N,T1,25.1000151,-80.437522
57,010,B-4,2.28.2020,8:07:00,08:37:00,1800.0,M,Lake Placid,Highlands,110N Main,K.elegans,N,,,0.035,N,T1,27.298631,-81.36615
169,010,A-1,2.28.2020,8:39:00,16:07:00,26880.0,M,Lake Placid,Highlands,110N Main,K.elegans,Y,C,,0.041,N,T1,27.298631,-81.36615
261,010,A-2,2.28.2020,8:40:00,10:25:00,6300.0,M,Lake Placid,Highlands,110N Main,K.elegans,Y,BC,"MARKER: made 261, 391, 261 commented even marker",0.039,N,T1,27.298631,-81.36615
391,010,A-3,2.28.2020,8:41:00,09:29:00,2880.0,F,Plantation Key,Plantation Key,Founder's,C. corindum,Y,C,,0.053,N,T1,24.96424,-80.5673321
323,010,A-4,2.28.2020,8:42:00,10:22:00,6000.0,M,North Key Largo,North Key Largo,DD front,C. corindum,Y,BC,,0.035,N,T1,25.2734885,-80.3040957
293,010,B-1,2.28.2020,8:43:00,09:16:00,1980.0,M,Gainesville,Alachua,23rd & 8th,K.elegans,N,,,0.038,N,T1,29.66200224,-82.347313
247,010,B-2,2.28.2020,8:44:00,10:22:00,5880.0,M,North Key Largo,North Key Largo,N. Dagny,C. corindum,Y,BC,,0.031,N,T1,25.1820931,-80.3631938
408,010,B-3,2.28.2020,8:45:00,09:16:00,1860.0,F,Key Largo,Key Largo,JP,C. corindum,N,,,0.050,Y,T1,25.1284578,-80.4080913
139,010,B-4,2.28.2020,8:46:00,15:05:00,22740.0,M,North Key Largo,North Key Largo,Dagny Trellis,C. corindum,Y,C,,0.040,N,T1,25.1755702,-80.36780089
331,010,B-1,2.28.2020,9:17:00,10:22:00,3900.0,M,North Key Largo,North Key Largo,Charlemagne,C. corindum,Y,BC,,0.038,N,T1,25.19515,-80.345916
301,010,B-3,2.28.2020,9:18:00,12:16:00,10680.0,M,Plantation Key,Plantation Key,Aregood Ln,C. corindum,Y,C,DATA COL: had to reposition at 9:49 ,0.039,N,T1,24.9735748,-80.5539224
387,010,A-3,2.28.2020,9:49:00,10:22:00,1980.0,F,Plantation Key,Plantation Key,Founder's,C. corindum,N,,,0.095,Y,T1,24.96424,-80.5673321
97,010,A-2,2.28.2020,10:26:00,11:04:00,2280.0,F,North Key Largo,North Key Largo,MM165,C. corindum,N,,,0.099,N,T1,25.2275238,-80.3283788
141,010,A-3,2.28.2020,10:27:00,11:04:00,2220.0,F,North Key Largo,North Key Largo,MM165,C. corindum,N,,,0.061,N,T1,25.2275238,-80.3283788
101,010,A-4,2.28.2020,10:28:00,11:04:00,2160.0,F,Plantation Key,Plantation Key,Aregood Ln,C. corindum,N,,,0.090,N,T1,24.9735748,-80.5539224
324,010,B-1,2.28.2020,10:29:00,22:54:19,44719.0,M,North Key Largo,North Key Largo,DD front,C. corindum,Y,C,,0.036,N,T1,25.2734885,-80.3040957
116,010,B-2,2.28.2020,10:30:00,11:00:00,1800.0,F,Key Largo,Key Largo,JP,C. corindum,Y,B,,0.066,N,T1,25.1284578,-80.4080913
221,010,B-2,2.28.2020,11:26:00,11:57:00,1860.0,F,North Key Largo,North Key Largo,DD front,C. corindum,N,,,0.090,Y,T1,25.2734885,-80.3040957
333,010,A-3,2.28.2020,11:26:00,11:57:00,1860.0,M,North Key Largo,North Key Largo,Charlemagne,C. corindum,Y,B,,0.034,N,T1,25.19515,-80.345916
113,010,A-4,2.28.2020,11:26:00,11:57:00,1860.0,M,Key Largo,Key Largo,KLMRL,C. corindum,N,,,0.037,N,T1,25.1000151,-80.437522
330,010,A-2,2.28.2020,11:26:00,11:57:00,1860.0,F,North Key Largo,North Key Largo,DD front,C. corindum,Y,B,,0.109,Y,T1,25.2734885,-80.3040957
194,010,A-2,2.28.2020,12:00:00,13:39:00,5940.0,M,Gainesville,Alachua,23rd & 8th,K.elegans,Y,C,MARKER: made comment 330 then 194,0.043,N,T1,29.66200224,-82.347313
410,010,A-3,2.28.2020,12:01:00,16:58:03,17823.0,M,Key Largo,Key Largo,JP,C. corindum,Y,C,,0.044,N,T1,25.1284578,-80.4080913
54,010,A-4,2.28.2020,12:02:00,12:36:00,2040.0,F,Lake Placid,Highlands,110N Main,K.elegans,N,,,0.094,Y,T1,27.298631,-81.36615
404,010,B-2,2.28.2020,12:03:00,13:39:00,5760.0,M,Plantation Key,Plantation Key,Founder's,C. corindum,Y,C,,0.032,N,T1,24.96424,-80.5673321
352,010,A-4,2.28.2020,12:37:00,13:39:00,3720.0,M,North Key Largo,North Key Largo,N. Dagny,C. corindum,Y,C,,0.029,N,T1,25.1820931,-80.3631938
37,011,A-1,03.03.2020,8:46:00,09:22:00,2160.0,F,North Key Largo,North Key Largo,Dagny Trellis,C. corindum,N,,,0.062,Y,T2,25.1755702,-80.36780089
209,011,A-2,03.03.2020,8:46:00,09:22:00,2160.0,M,Plantation Key,Plantation Key,Founder's,C. corindum,Y,CB,,0.040,N,T2,24.96424,-80.5673321
92,011,A-3,03.03.2020,8:46:00,09:22:00,2160.0,F,North Key Largo,North Key Largo,Dynamite Docks,C. corindum,Y,B,,0.138,Y,T2,25.286747,-80.290592
123,011,A-4,03.03.2020,8:46:00,09:22:00,2160.0,M,North Key Largo,North Key Largo,N. Dagny,C. corindum,N,,,0.039,N,T2,25.1820931,-80.3631938
230,011,B-1,03.03.2020,8:50:00,15:20:00,23400.0,M,North Key Largo,North Key Largo,Charlemagne,C. corindum,Y,C,,0.043,N,T2,25.19515,-80.345916
417,011,B-2,03.03.2020,8:50:00,09:22:00,1920.0,M,North Key Largo,North Key Largo,N. Dagny,C. corindum,N,,,0.034,N,T2,25.1820931,-80.3631938
320,011,B-3,03.03.2020,8:50:00,09:22:00,1920.0,M,Key Largo,Key Largo,JP,C. corindum,Y,B,,0.043,N,T2,25.1284578,-80.4080913
332,011,B-4,03.03.2020,8:50:00,09:22:00,1920.0,M,North Key Largo,North Key Largo,Charlemagne,C. corindum,N,,,0.034,N,T2,25.19515,-80.345916
176,011,A-1,03.03.2020,9:25:00,10:01:00,2160.0,F,Lake Wales,Polk,Polk Ave,K.elegans,N,,,0.058,Y,T2,27.8967403,-81.5804654
233,011,A-2,03.03.2020,9:26:00,10:01:00,2100.0,F,North Key Largo,North Key Largo,Carysfort,C. corindum,N,,,0.064,N,T2,25.2565615,-80.3108042
125,011,A-3,03.03.2020,9:27:00,10:01:00,2040.0,M,North Key Largo,North Key Largo,N. Dagny,C. corindum,Y,C,,0.041,N,T2,25.1820931,-80.3631938
376,011,A-4,03.03.2020,9:28:00,10:01:00,1980.0,M,Lake Wales,Polk,Polk Ave,K.elegans,N,,,0.029,N,T2,27.8967403,-81.5804654
187,011,B-2,03.03.2020,9:29:00,10:01:00,1920.0,F,Leesburg,Lake,Mount & 8th,K.elegans,N,,,0.087,Y,T2,28.7963435,-81.8778849
26,011,B-3,03.03.2020,9:30:00,10:01:00,1860.0,F,North Key Largo,North Key Largo,Charlemagne,C. corindum,Y,B,,0.081,Y,T2,25.19515,-80.345916
29,011,B-4,03.03.2020,9:31:00,10:01:00,1800.0,F,North Key Largo,North Key Largo,Charlemagne,C. corindum,N,,,0.066,Y,T2,25.19515,-80.345916
423,011,A-1,03.03.2020,10:03:00,10:38:00,2100.0,M,North Key Largo,North Key Largo,N. Dagny,C. corindum,Y,B,,0.034,N,T2,25.1820931,-80.3631938
179,011,A-2,03.03.2020,10:04:00,10:38:00,2040.0,F,Lake Wales,Polk,Polk Ave,K.elegans,N,,,0.082,N,T2,27.8967403,-81.5804654
433,011,A-4,03.03.2020,10:05:00,10:38:00,1980.0,M,North Key Largo,North Key Largo,DD front,C. corindum,N,,,0.041,N,T2,25.2734885,-80.3040957
18,011,B-2,03.03.2020,10:06:00,10:38:00,1920.0,M,Key Largo,Key Largo,JP,C. corindum,N,,,0.045,N,T2,25.1284578,-80.4080913
262,011,B-3,03.03.2020,10:07:00,10:38:00,1860.0,M,Lake Placid,Highlands,110N Main,K.elegans,N,,,0.043,N,T2,27.298631,-81.36615
42,011,B-4,03.03.2020,10:08:00,10:38:00,1800.0,F,Homestead,Miami-Dade,SW 296th St,K.elegans,N,,,0.084,N,T2,25.491362,-80.485821
102,011,A-1,03.03.2020,10:40:00,11:16:00,2160.0,M,Plantation Key,Plantation Key,Aregood Ln,C. corindum,Y,B,,0.042,N,T2,24.9735748,-80.5539224
81,011,A-2,03.03.2020,10:41:00,11:16:00,2100.0,M,Gainesville,Alachua,23rd & 8th,K.elegans,Y,B,,0.047,N,T2,29.66200224,-82.347313
266,011,A-4,03.03.2020,10:42:00,11:16:00,2040.0,M,Lake Placid,Highlands,110N Main,K.elegans,N,,,0.035,N,T2,27.298631,-81.36615
295,011,B-2,03.03.2020,10:43:00,11:16:00,1980.0,M,Gainesville,Alachua,23rd & 8th,K.elegans,Y,B,,0.031,N,T2,29.66200224,-82.347313
197,011,B-3,03.03.2020,10:44:00,11:16:00,1920.0,M,Gainesville,Alachua,23rd & 8th,K.elegans,Y,B,,0.029,N,T2,29.66200224,-82.347313
114,011,B-4,03.03.2020,10:45:00,11:16:00,1860.0,M,Key Largo,Key Largo,KLMRL,C. corindum,N,,,0.045,N,T2,25.1000151,-80.437522
62,011,A-1,03.03.2020,11:19:00,18:15:16,24976.0,M,Lake Wales,Polk,Polk Ave,K.elegans,Y,C,,0.036,N,T2,27.8967403,-81.5804654
69,011,A-2,03.03.2020,11:19:00,11:54:00,2100.0,F,Lake Wales,Polk,Polk Ave,K.elegans,Y,B,,0.088,N,T2,27.8967403,-81.5804654
152,011,A-4,03.03.2020,11:20:00,11:54:00,2040.0,M,Homestead,Miami-Dade,SW 296th St,K.elegans,N,,,0.033,N,T2,25.491362,-80.485821
36,011,B-2,03.03.2020,11:21:00,22:00:59,38399.0,M,North Key Largo,North Key Largo,Dagny Trellis,C. corindum,Y,BC,,0.044,N,T2,25.1755702,-80.36780089
13,011,B-3,03.03.2020,11:22:00,11:54:00,1920.0,F,Key Largo,Key Largo,KLMRL,C. corindum,N,,,0.116,Y,T2,25.1000151,-80.437522
396,011,B-4,03.03.2020,11:23:00,12:10:00,2820.0,M,Key Largo,Key Largo,KLMRL,C. corindum,Y,BC,,0.046,N,T2,25.1000151,-80.437522
196,011,A-3,03.03.2020,11:55:00,13:44:00,6540.0,M,Gainesville,Alachua,23rd & 8th,K.elegans,Y,C,,0.036,N,T2,29.66200224,-82.347313
328,011,A-3,03.03.2020,11:56:00,12:32:00,2160.0,F,North Key Largo,North Key Largo,DD front,C. corindum,N,,,0.084,Y,T2,25.2734885,-80.3040957
421,011,A-4,03.03.2020,11:57:00,12:32:00,2100.0,M,North Key Largo,North Key Largo,N. Dagny,C. corindum,Y,B,,0.044,N,T2,25.1820931,-80.3631938
256,011,B-3,03.03.2020,11:58:00,12:32:00,2040.0,M,Homestead,Miami-Dade,SW 296th St,K.elegans,N,,,0.026,N,T2,25.491362,-80.485821
155,011,A-3,03.03.2020,12:34:00,13:09:00,2100.0,F,Homestead,Miami-Dade,SW 296th St,K.elegans,N,,,0.066,N,T2,25.491362,-80.485821
441,011,A-4,03.03.2020,12:35:00,13:09:00,2040.0,M,North Key Largo,North Key Largo,Carysfort,C. corindum,Y,B,,0.063,N,T2,25.2565615,-80.3108042
387,011,B-3,03.03.2020,12:37:00,13:09:00,1920.0,F,Plantation Key,Plantation Key,Founder's,C. corindum,N,,,0.078,Y,T2,24.96424,-80.5673321
72,011,B-4,03.03.2020,12:38:00,15:10:00,9120.0,M,Leesburg,Lake,Mount & 8th,K.elegans,Y,C,,0.046,N,T2,28.7963435,-81.8778849
136,011,A-3,03.03.2020,13:12:00,13:44:00,1920.0,F,North Key Largo,North Key Largo,Dagny Trellis,C. corindum,Y,B,,0.089,Y,T2,25.1755702,-80.36780089
325,011,A-4,03.03.2020,13:13:00,13:44:00,1860.0,M,North Key Largo,North Key Largo,DD front,C. corindum,Y,B,,0.049,N,T2,25.2734885,-80.3040957
46,011,B-3,03.03.2020,13:14:00,13:44:00,1800.0,M,Homestead,Miami-Dade,SW 296th St,K.elegans,Y,B,,0.032,N,T2,25.491362,-80.485821
40,011,A-2,03.03.2020,13:46:00,15:20:00,5640.0,M,North Key Largo,North Key Largo,Dagny Trellis,C. corindum,Y,C,,0.036,N,T2,25.1755702,-80.36780089
95,011,A-3,03.03.2020,13:47:00,14:19:00,1920.0,M,North Key Largo,North Key Largo,Dynamite Docks,C. corindum,Y,B,,0.043,N,T2,25.286747,-80.290592
429,011,A-4,03.03.2020,13:48:00,14:19:00,1860.0,F,North Key Largo,North Key Largo,Charlemagne,C. corindum,N,,,0.093,Y,T2,25.19515,-80.345916
282,012,A-1,03.04.2020,8:15:00,09:16:00,3660.0,M,Leesburg,Lake,Mount & 8th,K.elegans,Y,C,,0.041,N,T2,28.7963435,-81.8778849
281,012,A-2,03.04.2020,8:15:00,08:47:00,1920.0,M,Leesburg,Lake,Mount & 8th,K.elegans,N,,,0.032,N,T2,28.7963435,-81.8778849
351,012,A-3,03.04.2020,8:15:00,11:20:00,11100.0,M,North Key Largo,North Key Largo,N. Dagny,C. corindum,Y,C,,0.038,N,T2,25.1820931,-80.3631938
316,012,A-4,03.04.2020,8:15:00,08:47:00,1920.0,M,Key Largo,Key Largo,JP,C. corindum,N,,,0.047,N,T2,25.1284578,-80.4080913
77,012,B-1,03.04.2020,8:15:00,08:47:00,1920.0,M,Leesburg,Lake,Mount & 8th,K.elegans,Y,B,,0.034,N,T2,28.7963435,-81.8778849
331,012,B-2,03.04.2020,8:15:00,08:47:00,1920.0,M,North Key Largo,North Key Largo,Charlemagne,C. corindum,Y,B,,0.042,N,T2,25.19515,-80.345916
194,012,B-3,03.04.2020,8:15:00,08:47:00,1920.0,M,Gainesville,Alachua,23rd & 8th,K.elegans,N,,,0.049,N,T2,29.66200224,-82.347313
132,012,B-4,03.04.2020,8:15:00,08:47:00,1920.0,F,North Key Largo,North Key Largo,DD front,C. corindum,N,,,0.068,Y,T2,25.2734885,-80.3040957
254,012,A-2,03.04.2020,8:50:00,09:25:00,2100.0,F,Homestead,Miami-Dade,SW 296th St,K.elegans,N,,,0.068,Y,T2,25.491362,-80.485821
145,012,A-4,03.04.2020,8:50:00,13:16:00,15960.0,M,North Key Largo,North Key Largo,MM165,C. corindum,Y,C,,0.042,N,T2,25.2275238,-80.3283788
333,012,B-1,03.04.2020,8:51:00,09:25:00,2040.0,M,North Key Largo,North Key Largo,Charlemagne,C. corindum,Y,B,,0.034,N,T2,25.19515,-80.345916
271,012,B-2,03.04.2020,8:52:00,09:25:00,1980.0,F,Lake Wales,Polk,Polk Ave,K.elegans,N,,,0.080,Y,T2,27.8967403,-81.5804654
193,012,B-3,03.04.2020,8:53:00,09:25:00,1920.0,M,Gainesville,Alachua,23rd & 8th,K.elegans,N,,,0.040,N,T2,29.66200224,-82.347313
98,012,B-4,03.04.2020,8:54:00,09:25:00,1860.0,M,North Key Largo,North Key Largo,MM165,C. corindum,N,,,0.040,N,T2,25.2275238,-80.3283788
47,012,A-1,03.04.2020,9:26:00,10:01:00,2100.0,F,Homestead,Miami-Dade,SW 296th St,K.elegans,N,,,0.086,Y,T2,25.491362,-80.485821
383,012,A-2,03.04.2020,9:27:00,11:16:00,6540.0,M,Plantation Key,Plantation Key,Founder's,C. corindum,Y,C,,0.057,N,T2,24.96424,-80.5673321
235,012,B-1,03.04.2020,9:28:00,10:01:00,1980.0,M,North Key Largo,North Key Largo,Carysfort,C. corindum,Y,B,,0.040,N,T2,25.2565615,-80.3108042
303,012,B-2,03.04.2020,9:29:00,10:06:00,2220.0,M,Plantation Key,Plantation Key,Aregood Ln,C. corindum,Y,C,DCS: had to reposition to face orthogonal; channel B-2 voltage dropped to 0 around this time,0.043,N,T2,24.9735748,-80.5539224
144,012,B-3,03.04.2020,9:30:00,10:01:00,1860.0,M,North Key Largo,North Key Largo,MM165,C. corindum,Y,B,,0.039,N,T2,25.2275238,-80.3283788
113,012,B-4,03.04.2020,9:31:00,10:01:00,1800.0,M,Key Largo,Key Largo,KLMRL,C. corindum,N,,,0.039,N,T2,25.1000151,-80.437522
66,012,A-1,03.04.2020,10:04:00,14:38:00,16440.0,M,Lake Wales,Polk,Polk Ave,K.elegans,Y,C,,0.037,N,T2,27.8967403,-81.5804654
357,012,B-1,03.04.2020,10:05:00,10:40:00,2100.0,M,North Key Largo,North Key Largo,N. Dagny,C. corindum,N,,,0.031,N,T2,25.1820931,-80.3631938
407,012,B-2,03.04.2020,10:06:00,10:40:00,2040.0,F,Key Largo,Key Largo,JP,C. corindum,N,,,0.056,N,T2,25.1284578,-80.4080913
415,012,B-3,03.04.2020,10:07:00,22:07:43,43243.0,M,North Key Largo,North Key Largo,N. Dagny,C. corindum,Y,C,,0.042,N,T2,25.1820931,-80.3631938
96,012,B-4,03.04.2020,10:09:00,10:40:00,1860.0,F,North Key Largo,North Key Largo,MM165,C. corindum,N,,,0.104,N,T2,25.2275238,-80.3283788
404,012,B-1,03.04.2020,10:41:00,13:03:00,8520.0,M,Plantation Key,Plantation Key,Founder's,C. corindum,Y,BC,,0.035,N,T2,24.96424,-80.5673321
44,012,B-2,03.04.2020,10:42:00,11:17:00,2100.0,F,Homestead,Miami-Dade,SW 296th St,K.elegans,Y,B,,0.066,N,T2,25.491362,-80.485821
12,012,B-4,03.04.2020,10:43:00,11:17:00,2040.0,F,Key Largo,Key Largo,KLMRL,C. corindum,N,,,0.138,Y,T2,25.1000151,-80.437522
232,012,A-2,03.04.2020,11:18:00,19:07:19,28159.0,M,North Key Largo,North Key Largo,Carysfort,C. corindum,Y,C,,0.044,N,T2,25.2565615,-80.3108042
239,012,B-2,03.04.2020,11:19:00,11:54:00,2100.0,M,North Key Largo,North Key Largo,Dagny Trellis,C. corindum,Y,B,,0.037,N,T2,25.1755702,-80.36780089
215,012,B-4,03.04.2020,11:20:00,17:20:34,21634.0,M,Key Largo,Key Largo,KLMRL,C. corindum,Y,C,SENSOR: voltage problem; stopped recording dips,0.045,N,T2,25.1000151,-80.437522
412,012,A-3,03.04.2020,11:20:00,14:12:00,10320.0,M,North Key Largo,North Key Largo,N. Dagny,C. corindum,Y,C,,0.036,N,T2,25.1820931,-80.3631938
133,012,B-2,03.04.2020,11:55:00,12:29:00,2040.0,F,North Key Largo,North Key Largo,DD front,C. corindum,N,,,0.099,Y,T2,25.2734885,-80.3040957
334,012,B-2,03.04.2020,12:31:00,13:01:00,1800.0,F,North Key Largo,North Key Largo,Charlemagne,C. corindum,Y,B,,0.060,N,T2,25.19515,-80.345916
226,012,B-2,03.04.2020,13:02:00,13:35:00,1980.0,F,North Key Largo,North Key Largo,Charlemagne,C. corindum,Y,B,,0.064,N,T2,25.19515,-80.345916
356,012,B-1,03.04.2020,13:05:00,13:35:00,1800.0,M,North Key Largo,North Key Largo,N. Dagny,C. corindum,N,,,0.040,N,T2,25.1820931,-80.3631938
83,012,A-4,03.04.2020,13:36:00,14:11:00,2100.0,M,Gainesville,Alachua,23rd & 8th,K.elegans,N,,,0.059,N,T2,29.66200224,-82.347313
308,012,B-1,03.04.2020,13:38:00,14:45:00,4020.0,F,Plantation Key,Plantation Key,Founder's,C. corindum,Y,C,,0.088,N,T2,24.96424,-80.5673321
375,012,B-2,03.04.2020,13:39:00,14:11:00,1920.0,F,Lake Wales,Polk,Polk Ave,K.elegans,N,,,0.078,Y,T2,27.8967403,-81.5804654
301,012,A-3,03.04.2020,14:12:00,14:45:00,1980.0,M,Plantation Key,Plantation Key,Aregood Ln,C. corindum,N,,,0.049,N,T2,24.9735748,-80.5539224
416,012,A-4,03.04.2020,14:13:00,14:45:00,1920.0,M,North Key Largo,North Key Largo,N. Dagny,C. corindum,Y,B,,0.045,N,T2,25.1820931,-80.3631938
307,012,B-2,03.04.2020,14:14:00,14:50:00,2160.0,M,Plantation Key,Plantation Key,Founder's,C. corindum,Y,C,,0.041,N,T2,24.96424,-80.5673321
33,012,A-1,03.04.2020,14:46:00,15:49:00,3780.0,M,North Key Largo,North Key Largo,Carysfort,C. corindum,Y,C,,0.045,N,T2,25.2565615,-80.3108042
444,012,A-3,03.04.2020,14:47:00,15:22:00,2100.0,M,North Key Largo,North Key Largo,Carysfort,C. corindum,Y,B,,0.033,N,T2,25.2565615,-80.3108042
205,012,A-4,03.04.2020,14:48:00,15:22:00,2040.0,M,Plantation Key,Plantation Key,Aregood Ln,C. corindum,N,,,0.039,N,T2,24.9735748,-80.5539224
2,012,B-1,03.04.2020,14:49:00,19:59:08,18608.0,M,Plantation Key,Plantation Key,Aregood Ln,C. corindum,Y,C,,0.038,N,T2,24.9735748,-80.5539224
309,012,B-2,03.04.2020,14:50:00,22:04:33,26073.0,M,Plantation Key,Plantation Key,Founder's,C. corindum,Y,C,,0.033,N,T2,24.96424,-80.5673321
312,012,A-3,03.04.2020,15:23:00,15:56:00,1980.0,M,Key Largo,Key Largo,KLMRL,C. corindum,Y,B,,0.031,N,T2,25.1000151,-80.437522
91,012,A-4,03.04.2020,15:24:00,15:56:00,1920.0,F,North Key Largo,North Key Largo,Dynamite Docks,C. corindum,N,,,0.082,Y,T2,25.286747,-80.290592
142,012,A-1,03.04.2020,15:57:00,16:29:00,1920.0,F,North Key Largo,North Key Largo,MM165,C. corindum,Y,B,,0.099,N,T2,25.2275238,-80.3283788
131,012,A-3,03.04.2020,15:58:00,18:46:49,10129.0,M,North Key Largo,North Key Largo,DD front,C. corindum,Y,BC,,0.036,N,T2,25.2734885,-80.3040957
129,012,A-4,03.04.2020,15:59:00,16:29:00,1800.0,M,North Key Largo,North Key Largo,Carysfort,C. corindum,Y,B,,0.038,N,T2,25.2565615,-80.3108042
424,013,A-1,03.05.2020,8:34:00,09:09:00,2100.0,F,North Key Largo,North Key Largo,Charlemagne,C. corindum,N,,,0.090,Y,T2,25.19515,-80.345916
355,013,A-2,03.05.2020,8:35:00,09:09:00,2040.0,M,North Key Largo,North Key Largo,N. Dagny,C. corindum,Y,B,,0.034,N,T2,25.1820931,-80.3631938
204,013,A-3,03.05.2020,8:36:00,10:40:00,7440.0,M,Plantation Key,Plantation Key,Aregood Ln,C. corindum,Y,BC,,0.037,N,T2,24.9735748,-80.5539224
15,013,A-4,03.05.2020,8:37:00,09:09:00,1920.0,M,Key Largo,Key Largo,JP,C. corindum,Y,B,,0.046,N,T2,25.1284578,-80.4080913
27,013,B-1,03.05.2020,8:38:00,09:09:00,1860.0,F,North Key Largo,North Key Largo,Charlemagne,C. corindum,N,,,0.088,Y,T2,25.19515,-80.345916
310,013,B-2,03.05.2020,8:39:00,09:09:00,1800.0,M,Plantation Key,Plantation Key,Founder's,C. corindum,Y,B,,0.044,N,T2,24.96424,-80.5673321
315,013,A-1,03.05.2020,9:11:00,09:46:00,2100.0,M,Key Largo,Key Largo,KLMRL,C. corindum,Y,B,,0.035,N,T2,25.1000151,-80.437522
50,013,A-2,03.05.2020,9:12:00,09:46:00,2040.0,M,Homestead,Miami-Dade,SW 296th St,K.elegans,N,,,0.049,N,T2,25.491362,-80.485821
425,013,A-4,03.05.2020,9:13:00,09:46:00,1980.0,M,North Key Largo,North Key Largo,Charlemagne,C. corindum,Y,B,,0.042,N,T2,25.19515,-80.345916
183,013,B-1,03.05.2020,9:14:00,15:58:00,24240.0,M,Leesburg,Lake,Mount & 8th,K.elegans,Y,C,,0.039,N,T2,28.7963435,-81.8778849
392,013,B-2,03.05.2020,9:15:00,09:46:00,1860.0,M,Plantation Key,Plantation Key,Founder's,C. corindum,N,,,0.037,N,T2,24.96424,-80.5673321
43,013,B-3,03.05.2020,9:16:00,09:46:00,1800.0,F,Homestead,Miami-Dade,SW 296th St,K.elegans,N,,,0.067,Y,T2,25.491362,-80.485821
22,013,A-1,03.05.2020,9:48:00,10:22:00,2040.0,M,North Key Largo,North Key Largo,DD front,C. corindum,N,,,0.046,N,T2,25.2734885,-80.3040957
322,013,A-2,03.05.2020,9:49:00,10:22:00,1980.0,F,North Key Largo,North Key Largo,DD front,C. corindum,N,,,0.047,M,T2,25.2734885,-80.3040957
41,013,A-4,03.05.2020,9:50:00,10:22:00,1920.0,F,Homestead,Miami-Dade,SW 296th St,K.elegans,N,,,0.123,Y,T2,25.491362,-80.485821
371,013,B-2,03.05.2020,9:51:00,10:24:00,1980.0,M,Lake Placid,Highlands,110N Main,K.elegans,Y,CB,,0.030,N,T2,27.298631,-81.36615
345,013,B-3,03.05.2020,9:52:00,10:22:00,1800.0,F,North Key Largo,North Key Largo,Dagny Trellis,C. corindum,N,,,0.079,Y,T2,25.1755702,-80.36780089
419,013,A-1,03.05.2020,10:25:00,11:00:00,2100.0,M,North Key Largo,North Key Largo,N. Dagny,C. corindum,N,,,0.041,N,T2,25.1820931,-80.3631938
11,013,A-2,03.05.2020,10:26:00,11:28:00,3720.0,M,Key Largo,Key Largo,KLMRL,C. corindum,Y,C,,0.049,N,T2,25.1000151,-80.437522
153,013,A-4,03.05.2020,10:27:00,11:00:00,1980.0,M,Homestead,Miami-Dade,SW 296th St,K.elegans,N,,,0.029,N,T2,25.491362,-80.485821
149,013,B-2,03.05.2020,10:28:00,11:00:00,1920.0,F,North Key Largo,North Key Largo,Dynamite Docks,C. corindum,N,,,0.090,N,T2,25.286747,-80.290592
57,013,B-3,03.05.2020,10:29:00,11:00:00,1860.0,M,Lake Placid,Highlands,110N Main,K.elegans,N,,,0.033,N,T2,27.298631,-81.36615
437,013,B-4,03.05.2020,10:30:00,11:00:00,1800.0,M,North Key Largo,North Key Largo,DD front,C. corindum,N,,,0.045,N,T2,25.2734885,-80.3040957
236,013,A-1,03.05.2020,11:01:00,11:38:00,2220.0,M,North Key Largo,North Key Largo,Dagny Trellis,C. corindum,Y,B,,0.042,N,T2,25.1755702,-80.36780089
400,013,A-3,03.05.2020,11:02:00,11:38:00,2160.0,M,Key Largo,Key Largo,KLMRL,C. corindum,N,,,0.045,N,T2,25.1000151,-80.437522
154,013,A-4,03.05.2020,11:03:00,11:38:00,2100.0,M,Homestead,Miami-Dade,SW 296th St,K.elegans,N,,,0.029,N,T2,25.491362,-80.485821
90,013,B-2,03.05.2020,11:05:00,15:45:00,16800.0,M,Gainesville,Alachua,23rd & 8th,K.elegans,Y,BC,,0.039,N,T2,29.66200224,-82.347313
217,013,B-3,03.05.2020,11:06:00,11:38:00,1920.0,F,Key Largo,Key Largo,JP,C. corindum,N,,,0.098,Y,T2,25.1284578,-80.4080913
326,013,B-4,03.05.2020,11:07:00,11:38:00,1860.0,F,North Key Largo,North Key Largo,DD front,C. corindum,N,,,0.122,Y,T2,25.2734885,-80.3040957
4,013,A-1,03.05.2020,12:49:00,13:25:00,2160.0,M,Plantation Key,Plantation Key,Aregood Ln,C. corindum,N,,,0.044,N,T2,24.9735748,-80.5539224
358,013,A-2,03.05.2020,12:50:00,13:25:00,2100.0,M,North Key Largo,North Key Largo,N. Dagny,C. corindum,N,,,0.029,N,T2,25.1820931,-80.3631938
140,013,A-3,03.05.2020,12:51:00,22:05:20,33260.0,F,North Key Largo,North Key Largo,Dagny Trellis,C. corindum,Y,BC,,0.100,Y,T2,25.1755702,-80.36780089
52,013,A-4,03.05.2020,12:52:00,13:25:00,1980.0,M,Lake Placid,Highlands,110N Main,K.elegans,Y,B,,0.039,N,T2,27.298631,-81.36615
329,013,B-3,03.05.2020,12:53:00,13:25:00,1920.0,F,North Key Largo,North Key Largo,DD front,C. corindum,N,,,0.085,Y,T2,25.2734885,-80.3040957
394,013,B-4,03.05.2020,12:54:00,13:25:00,1860.0,M,Plantation Key,Plantation Key,Founder's,C. corindum,Y,B,,0.032,N,T2,24.96424,-80.5673321
100,013,A-2,03.05.2020,13:28:00,16:08:00,9600.0,M,North Key Largo,North Key Largo,MM165,C. corindum,Y,C,,0.047,N,T2,25.2275238,-80.3283788
28,013,A-4,03.05.2020,13:29:00,14:05:00,2160.0,M,North Key Largo,North Key Largo,Charlemagne,C. corindum,Y,B,,0.035,N,T2,25.19515,-80.345916
359,013,A-1,03.05.2020,13:29:00,14:05:00,2160.0,M,North Key Largo,North Key Largo,N. Dagny,C. corindum,Y,B,,0.031,N,T2,25.1820931,-80.3631938
350,013,B-3,03.05.2020,13:32:00,16:12:00,9600.0,M,North Key Largo,North Key Largo,MM165,C. corindum,Y,BC,,0.038,N,T2,25.2275238,-80.3283788
19,013,B-4,03.05.2020,13:33:00,15:33:00,7200.0,F,Key Largo,Key Largo,JP,C. corindum,Y,BC,,0.045,N,T2,25.1284578,-80.4080913
111,013,A-1,03.05.2020,14:07:00,14:40:00,1980.0,F,Key Largo,Key Largo,KLMRL,C. corindum,N,,,0.085,Y,T2,25.1000151,-80.437522
352,013,A-4,03.05.2020,14:08:00,14:40:00,1920.0,M,North Key Largo,North Key Largo,N. Dagny,C. corindum,Y,B,,0.033,N,T2,25.1820931,-80.3631938
143,013,A-1,03.05.2020,14:41:00,20:01:01,19201.0,M,North Key Largo,North Key Largo,MM165,C. corindum,Y,C,,0.035,N,T2,25.2275238,-80.3283788
30,013,A-4,03.05.2020,14:42:00,15:01:00,1140.0,F,North Key Largo,North Key Largo,Charlemagne,C. corindum,N,,,0.112,Y,T2,25.19515,-80.345916
164,013,A-4,03.05.2020,15:13:00,18:18:32,11132.0,F,Lake Placid,Highlands,110N Main,K.elegans,Y,BC,,0.069,Y,T2,27.298631,-81.36615
99,013,B-4,03.05.2020,15:44:00,16:17:00,1980.0,M,North Key Largo,North Key Largo,MM165,C. corindum,N,,,0.038,N,T2,25.2275238,-80.3283788
137,013,B-2,03.05.2020,15:45:00,16:17:00,1920.0,M,North Key Largo,North Key Largo,Dagny Trellis,C. corindum,Y,C,,0.050,N,T2,25.1755702,-80.36780089
382,013,A-2,03.05.2020,16:18:00,17:09:00,3060.0,M,Plantation Key,Plantation Key,Founder's,C. corindum,Y,C,,0.037,N,T2,24.96424,-80.5673321
229,013,B-1,03.05.2020,16:19:00,17:09:00,3000.0,F,North Key Largo,North Key Largo,Charlemagne,C. corindum,N,,,0.099,Y,T2,25.19515,-80.345916
112,013,B-2,03.05.2020,16:20:00,17:09:00,2940.0,F,Key Largo,Key Largo,KLMRL,C. corindum,N,,,0.083,Y,T2,25.1000151,-80.437522
327,013,B-3,03.05.2020,16:21:00,17:09:00,2880.0,F,North Key Largo,North Key Largo,DD front,C. corindum,N,,,0.080,Y,T2,25.2734885,-80.3040957
21,013,B-4,03.05.2020,16:22:00,17:09:00,2820.0,M,North Key Largo,North Key Largo,DD front,C. corindum,Y,B,,0.044,N,T2,25.2734885,-80.3040957
409,014,A-1,03.06.2020,8:50:00,11:40:00,10200.0,M,Key Largo,Key Largo,JP,C. corindum,Y,BC,,0.040,N,T2,25.1284578,-80.4080913
410,014,A-2,03.06.2020,8:51:00,09:25:00,2040.0,M,Key Largo,Key Largo,JP,C. corindum,Y,B,,0.053,N,T2,25.1284578,-80.4080913
35,014,A-3,03.06.2020,8:52:00,09:25:00,1980.0,M,North Key Largo,North Key Largo,Carysfort,C. corindum,Y,B,,0.050,N,T2,25.2565615,-80.3108042
413,014,A-4,03.06.2020,8:53:00,09:25:00,1920.0,M,North Key Largo,North Key Largo,N. Dagny,C. corindum,N,,,0.056,N,T2,25.1820931,-80.3631938
439,014,B-1,03.06.2020,8:53:00,20:24:10,41470.0,M,North Key Largo,North Key Largo,DD front,C. corindum,Y,C,BUG: flying in place throughout the reording; flying in place next day too,0.040,N,T2,25.2734885,-80.3040957
56,014,B-2,03.06.2020,8:54:00,16:21:00,26820.0,M,Lake Placid,Highlands,110N Main,K.elegans,Y,C,,0.049,N,T2,27.298631,-81.36615
304,014,B-3,03.06.2020,8:54:00,09:25:00,1860.0,M,Plantation Key,Plantation Key,Aregood Ln,C. corindum,N,,,0.042,N,T2,24.9735748,-80.5539224
240,014,B-4,03.06.2020,8:55:00,14:30:00,20100.0,M,North Key Largo,North Key Largo,Dagny Trellis,C. corindum,Y,C,,0.056,N,T2,25.1755702,-80.36780089
403,014,A-2,03.06.2020,9:27:00,19:44:17,37037.0,M,Plantation Key,Plantation Key,Founder's,C. corindum,Y,C,,0.056,N,T2,24.96424,-80.5673321
202,014,A-3,03.06.2020,9:28:00,10:00:00,1920.0,M,Plantation Key,Plantation Key,Aregood Ln,C. corindum,N,,,0.053,N,T2,24.9735748,-80.5539224
237,014,A-4,03.06.2020,9:29:00,10:00:00,1860.0,F,North Key Largo,North Key Largo,Dagny Trellis,C. corindum,N,,,0.079,Y,T2,25.1755702,-80.36780089
161,014,B-3,03.06.2020,9:30:00,10:00:00,1800.0,F,Lake Placid,Highlands,110N Main,K.elegans,N,,,0.088,Y,T2,27.298631,-81.36615
438,014,A-3,03.06.2020,10:01:00,11:40:00,5940.0,F,North Key Largo,North Key Largo,DD front,C. corindum,Y,BC,,0.072,Y,T2,25.2734885,-80.3040957
411,014,A-4,03.06.2020,10:02:00,10:35:00,1980.0,M,North Key Largo,North Key Largo,N. Dagny,C. corindum,N,,,0.048,N,T2,25.1820931,-80.3631938
224,014,B-3,03.06.2020,10:03:00,10:35:00,1920.0,M,North Key Largo,North Key Largo,DD front,C. corindum,N,,,0.059,N,T2,25.2734885,-80.3040957
306,014,A-4,03.06.2020,10:37:00,11:09:00,1920.0,M,Plantation Key,Plantation Key,Founder's,C. corindum,Y,B,,0.052,N,T2,24.96424,-80.5673321
151,014,B-3,03.06.2020,10:38:00,10:50:00,720.0,F,Homestead,Miami-Dade,SW 296th St,K.elegans,Y,C,,0.081,Y,T2,25.491362,-80.485821
242,014,A-4,03.06.2020,11:09:00,12:38:00,5340.0,M,North Key Largo,North Key Largo,MM165,C. corindum,Y,C,,0.046,N,T2,25.2275238,-80.3283788
97,014,A-1,03.06.2020,11:42:00,12:15:00,1980.0,F,North Key Largo,North Key Largo,MM165,C. corindum,N,,,0.130,Y,T2,25.2275238,-80.3283788
223,014,A-3,03.06.2020,11:43:00,22:35:37,39157.0,F,North Key Largo,North Key Largo,DD front,C. corindum,Y,BC,,0.044,N,T2,25.2734885,-80.3040957
318,014,A-1,03.06.2020,12:16:00,12:48:00,1920.0,F,Key Largo,Key Largo,JP,C. corindum,N,,,0.062,Y,T2,25.1284578,-80.4080913
208,014,A-1,03.06.2020,12:51:00,13:23:00,1920.0,M,Plantation Key,Plantation Key,Founder's,C. corindum,Y,B,,0.041,N,T2,24.96424,-80.5673321
384,014,A-4,03.06.2020,12:52:00,13:23:00,1860.0,M,Plantation Key,Plantation Key,Founder's,C. corindum,Y,B,,0.033,N,T2,24.96424,-80.5673321
38,014,A-1,03.06.2020,13:25:00,20:14:20,24560.0,M,North Key Largo,North Key Largo,Dagny Trellis,C. corindum,Y,C,,0.042,N,T2,25.1755702,-80.36780089
227,014,A-4,03.06.2020,13:26:00,13:56:00,1800.0,F,North Key Largo,North Key Largo,Charlemagne,C. corindum,N,,,0.112,Y,T2,25.19515,-80.345916
159,014,A-4,03.06.2020,13:58:00,20:51:00,24780.0,M,Homestead,Miami-Dade,SW 296th St,K.elegans,Y,B,,0.036,N,T2,25.491362,-80.485821
216,014,B-4,03.06.2020,14:30:00,15:01:00,1860.0,M,Key Largo,Key Largo,JP,C. corindum,N,,,0.046,N,T2,25.1284578,-80.4080913
385,014,B-4,03.06.2020,15:01:00,22:01:59,25259.0,F,Plantation Key,Plantation Key,Founder's,C. corindum,Y,BC,,0.065,Y,T2,24.96424,-80.5673321
253,015,A-1,03.09.2020,8:38:00,09:14:00,2160.0,F,Homestead,Miami-Dade,SW 296th St,K.elegans,Y,B,,0.084,Y,T2,25.491362,-80.485821
5,015,A-2,03.09.2020,8:39:00,09:14:00,2100.0,F,Plantation Key,Plantation Key,Aregood Ln,C. corindum,N,,,0.100,Y,T2,24.9735748,-80.5539224
390,015,A-3,03.09.2020,8:39:00,09:14:00,2100.0,F,Plantation Key,Plantation Key,Founder's,C. corindum,N,,,0.065,Y,T2,24.96424,-80.5673321
231,015,A-4,03.09.2020,8:40:00,09:14:00,2040.0,M,North Key Largo,North Key Largo,Carysfort,C. corindum,Y,B,,0.039,N,T2,25.2565615,-80.3108042
130,015,B-1,03.09.2020,8:41:00,09:14:00,1980.0,F,North Key Largo,North Key Largo,Carysfort,C. corindum,N,,,0.054,Y,T2,25.2565615,-80.3108042
268,015,B-2,03.09.2020,8:41:00,15:51:00,25800.0,M,Lake Placid,Highlands,110N Main,K.elegans,Y,C,,0.036,N,T2,27.298631,-81.36615
17,015,B-3,03.09.2020,8:42:00,09:14:00,1920.0,M,Key Largo,Key Largo,JP,C. corindum,Y,B,,0.041,N,T2,25.1284578,-80.4080913
20,015,B-4,03.09.2020,8:42:00,09:14:00,1920.0,F,Key Largo,Key Largo,JP,C. corindum,N,,,0.105,Y,T2,25.1284578,-80.4080913
347,015,A-1,03.09.2020,9:17:00,09:53:00,2160.0,M,North Key Largo,North Key Largo,MM165,C. corindum,N,,,0.056,N,T2,25.2275238,-80.3283788
269,015,A-2,03.09.2020,9:18:00,09:53:00,2100.0,F,Lake Placid,Highlands,110N Main,K.elegans,N,,,0.080,Y,T2,27.298631,-81.36615
431,015,A-3,03.09.2020,9:19:00,09:53:00,2040.0,M,North Key Largo,North Key Largo,DD front,C. corindum,N,,,0.039,N,T2,25.2734885,-80.3040957
228,015,A-4,03.09.2020,9:20:00,10:31:00,4260.0,M,North Key Largo,North Key Largo,Charlemagne,C. corindum,Y,BC,,0.041,N,T2,25.19515,-80.345916
25,015,B-1,03.09.2020,9:21:00,10:36:00,4500.0,F,North Key Largo,North Key Largo,DD front,C. corindum,Y,C,,0.059,N,T2,25.2734885,-80.3040957
49,015,B-3,03.09.2020,9:22:00,09:53:00,1860.0,M,Homestead,Miami-Dade,SW 296th St,K.elegans,N,,,0.051,N,T2,25.491362,-80.485821
87,015,B-4,03.09.2020,9:23:00,09:53:00,1800.0,M,Gainesville,Alachua,23rd & 8th,K.elegans,N,,,0.037,N,T2,29.66200224,-82.347313
395,015,A-1,03.09.2020,9:53:00,10:30:00,2220.0,M,Key Largo,Key Largo,KLMRL,C. corindum,N,,,0.045,N,T2,25.1000151,-80.437522
428,015,A-2,03.09.2020,9:54:00,10:30:00,2160.0,F,North Key Largo,North Key Largo,Charlemagne,C. corindum,N,,,0.060,Y,T2,25.19515,-80.345916
261,015,A-3,03.09.2020,9:55:00,10:35:00,2400.0,M,Lake Placid,Highlands,110N Main,K.elegans,Y,C,,0.042,N,T2,27.298631,-81.36615
319,015,B-3,03.09.2020,9:58:00,10:30:00,1920.0,F,Key Largo,Key Largo,JP,C. corindum,Y,CB,,0.065,Y,T2,25.1284578,-80.4080913
9,015,B-4,03.09.2020,9:59:00,10:30:00,1860.0,M,Plantation Key,Plantation Key,Founder's,C. corindum,N,,,0.049,N,T2,24.96424,-80.5673321
211,015,A-1,03.09.2020,10:32:00,11:09:00,2220.0,F,Key Largo,Key Largo,KLMRL,C. corindum,N,,,0.073,Y,T2,25.1000151,-80.437522
139,015,A-2,03.09.2020,10:33:00,11:09:00,2160.0,M,North Key Largo,North Key Largo,Dagny Trellis,C. corindum,Y,B,,0.035,N,T2,25.1755702,-80.36780089
418,015,A-4,03.09.2020,10:34:00,11:09:00,2100.0,M,North Key Largo,North Key Largo,N. Dagny,C. corindum,N,,,0.043,N,T2,25.1820931,-80.3631938
344,015,A-3,03.09.2020,10:35:00,11:09:00,2040.0,M,North Key Largo,North Key Largo,Dagny Trellis,C. corindum,N,,BUG: times where fly in place ,0.033,N,T2,25.1755702,-80.36780089
7,015,B-1,03.09.2020,10:37:00,22:03:40,41200.0,F,Plantation Key,Plantation Key,Founder's,C. corindum,Y,C,,0.105,Y,T2,24.96424,-80.5673321
147,015,B-3,03.09.2020,10:38:00,21:27:59,38999.0,F,North Key Largo,North Key Largo,Dynamite Docks,C. corindum,Y,C,,0.052,Y,T2,25.286747,-80.290592
118,015,B-4,03.09.2020,10:39:00,11:09:00,1800.0,M,Key Largo,Key Largo,JP,C. corindum,N,,,0.039,N,T2,25.1284578,-80.4080913
434,015,A-1,03.09.2020,11:11:00,11:46:00,2100.0,,North Key Largo,North Key Largo,DD front,C. corindum,Y,B,,0.032,N,T2,25.2734885,-80.3040957
313,015,A-2,03.09.2020,11:12:00,11:46:00,2040.0,M,Key Largo,Key Largo,KLMRL,C. corindum,N,,,0.032,N,T2,25.1000151,-80.437522
406,015,A-3,03.09.2020,11:13:00,20:12:35,32375.0,M,Key Largo,Key Largo,KLMRL,C. corindum,Y,BC,,0.035,N,T2,25.1000151,-80.437522
146,015,A-4,03.09.2020,11:14:00,11:46:00,1920.0,F,North Key Largo,North Key Largo,Dynamite Docks,C. corindum,N,,,0.027,N,T2,25.286747,-80.290592
391,015,B-4,03.09.2020,11:15:00,11:46:00,1860.0,F,Plantation Key,Plantation Key,Founder's,C. corindum,Y,B,,0.055,N,T2,24.96424,-80.5673321
335,015,A-1,03.09.2020,11:48:00,12:23:00,2100.0,M,North Key Largo,North Key Largo,Charlemagne,C. corindum,N,,BUG: paint on antennae - will never fly,0.038,N,T2,25.19515,-80.345916
120,015,A-2,03.09.2020,11:49:00,12:23:00,2040.0,M,Key Largo,Key Largo,JP,C. corindum,N,,,0.032,N,T2,25.1284578,-80.4080913
354,015,A-4,03.09.2020,11:50:00,12:23:00,1980.0,M,North Key Largo,North Key Largo,N. Dagny,C. corindum,N,,,0.031,N,T2,25.1820931,-80.3631938
200,015,B-4,03.09.2020,11:51:00,13:12:00,4860.0,M,Gainesville,Alachua,23rd & 8th,K.elegans,Y,C,,0.035,N,T2,29.66200224,-82.347313
311,015,A-1,03.09.2020,12:23:00,12:58:00,2100.0,M,Key Largo,Key Largo,KLMRL,C. corindum,Y,B,,0.035,N,T2,25.1000151,-80.437522
214,015,A-2,03.09.2020,12:24:00,13:32:00,4080.0,F,Key Largo,Key Largo,KLMRL,C. corindum,Y,C,,0.067,Y,T2,25.1000151,-80.437522
184,015,A-4,03.09.2020,12:25:00,12:58:00,1980.0,M,Leesburg,Lake,Mount & 8th,K.elegans,N,,,0.029,N,T2,28.7963435,-81.8778849
31,015,A-1,03.09.2020,12:59:00,13:32:00,1980.0,F,North Key Largo,North Key Largo,Carysfort,C. corindum,N,,,0.075,Y,T2,25.2565615,-80.3108042
213,015,A-4,03.09.2020,13:00:00,13:32:00,1920.0,M,Key Largo,Key Largo,KLMRL,C. corindum,N,,,0.044,N,T2,25.1000151,-80.437522
397,015,A-1,03.09.2020,13:34:00,14:07:00,1980.0,M,Key Largo,Key Largo,KLMRL,C. corindum,N,,,0.041,N,T2,25.1000151,-80.437522
221,015,A-2,03.09.2020,13:35:00,14:07:00,1920.0,F,North Key Largo,North Key Largo,DD front,C. corindum,N,,,0.088,Y,T2,25.2734885,-80.3040957
222,015,A-4,03.09.2020,13:35:00,14:07:00,1920.0,F,North Key Largo,North Key Largo,DD front,C. corindum,N,,,0.128,Y,T2,25.2734885,-80.3040957
323,015,B-4,03.09.2020,13:36:00,14:41:00,3900.0,M,North Key Largo,North Key Largo,DD front,C. corindum,Y,C,,0.037,N,T2,25.2734885,-80.3040957
110,015,A-1,03.09.2020,14:07:00,14:41:00,2040.0,M,Plantation Key,Plantation Key,Founder's,C. corindum,Y,B,,0.031,N,T2,24.96424,-80.5673321
432,015,A-2,03.09.2020,14:08:00,14:43:00,2100.0,M,North Key Largo,North Key Largo,DD front,C. corindum,Y,C,,0.038,N,T2,25.2734885,-80.3040957
330,015,A-4,03.09.2020,14:09:00,14:41:00,1920.0,F,North Key Largo,North Key Largo,DD front,C. corindum,N,,,0.094,Y,T2,25.2734885,-80.3040957
248,015,A-1,03.09.2020,14:43:00,15:16:00,1980.0,M,North Key Largo,North Key Largo,N. Dagny,C. corindum,N,,,0.048,N,T2,25.1820931,-80.3631938
124,015,A-2,03.09.2020,14:44:00,17:18:30,9270.0,M,North Key Largo,North Key Largo,N. Dagny,C. corindum,Y,BC,,0.042,N,T2,25.1820931,-80.3631938
339,015,A-4,03.09.2020,14:45:00,15:16:00,1860.0,F,North Key Largo,North Key Largo,Carysfort,C. corindum,N,,,0.092,Y,T2,25.2565615,-80.3108042
24,015,B-4,03.09.2020,14:46:00,15:16:00,1800.0,M,North Key Largo,North Key Largo,DD front,C. corindum,Y,B,,0.037,N,T2,25.2734885,-80.3040957
135,015,A-1,03.09.2020,15:18:00,15:52:00,2040.0,F,North Key Largo,North Key Largo,DD front,C. corindum,N,,,0.103,Y,T2,25.2734885,-80.3040957
388,015,A-4,03.09.2020,15:19:00,15:52:00,1980.0,M,Plantation Key,Plantation Key,Founder's,C. corindum,Y,B,,0.049,N,T2,24.96424,-80.5673321
101,015,B-4,03.09.2020,15:20:00,15:52:00,1920.0,F,Plantation Key,Plantation Key,Aregood Ln,C. corindum,N,,,0.064,Y,T2,24.9735748,-80.5539224
293,015,A-1,03.09.2020,15:54:00,16:28:00,2040.0,M,Gainesville,Alachua,23rd & 8th,K.elegans,N,,,0.040,N,T2,29.66200224,-82.347313
259,015,A-4,03.09.2020,15:55:00,16:28:00,1980.0,M,Homestead,Miami-Dade,SW 296th St,K.elegans,Y,B,,0.029,N,T2,25.491362,-80.485821
249,015,B-2,03.09.2020,15:56:00,16:28:00,1920.0,M,North Key Largo,North Key Largo,N. Dagny,C. corindum,Y,B,,0.039,N,T2,25.1820931,-80.3631938
63,015,B-4,03.09.2020,15:57:00,16:28:00,1860.0,F,Lake Wales,Polk,Polk Ave,K.elegans,N,,,0.087,Y,T2,27.8967403,-81.5804654
212,015,A-1,03.09.2020,16:29:00,17:02:00,1980.0,M,Key Largo,Key Largo,KLMRL,C. corindum,N,,,0.037,N,T2,25.1000151,-80.437522
104,015,A-4,03.09.2020,16:30:00,17:02:00,1920.0,M,Plantation Key,Plantation Key,Aregood Ln,C. corindum,N,,,0.056,N,T2,24.9735748,-80.5539224
188,015,B-2,03.09.2020,16:31:00,17:02:00,1860.0,F,Leesburg,Lake,Mount & 8th,K.elegans,N,,,0.052,Y,T2,28.7963435,-81.8778849
360,015,B-4,03.09.2020,16:32:00,17:02:00,1800.0,F,North Key Largo,North Key Largo,N. Dagny,C. corindum,N,,,0.108,Y,T2,25.1820931,-80.3631938
1,016,A-1,03.10.2020,8:02:00,08:36:00,2040.0,M,Plantation Key,Plantation Key,Aregood Ln,C. corindum,Y,B,,0.039,N,T2,24.9735748,-80.5539224
3,016,A-2,03.10.2020,8:03:00,08:36:00,1980.0,M,Plantation Key,Plantation Key,Aregood Ln,C. corindum,Y,B,,0.046,N,T2,24.9735748,-80.5539224
245,016,A-3,03.10.2020,8:04:00,08:36:00,1920.0,M,North Key Largo,North Key Largo,MM165,C. corindum,N,,,0.034,N,T2,25.2275238,-80.3283788
206,016,A-4,03.10.2020,8:04:00,08:36:00,1920.0,M,Plantation Key,Plantation Key,Founder's,C. corindum,N,,,0.033,N,T2,24.96424,-80.5673321
393,016,B-1,03.10.2020,8:05:00,08:36:00,1860.0,F,Plantation Key,Plantation Key,Founder's,C. corindum,N,,,0.096,Y,T2,24.96424,-80.5673321
169,016,B-2,03.10.2020,8:05:00,11:13:00,11280.0,M,Lake Placid,Highlands,110N Main,K.elegans,Y,C,,0.044,N,T2,27.298631,-81.36615
267,016,B-3,03.10.2020,8:06:00,08:36:00,1800.0,M,Lake Placid,Highlands,110N Main,K.elegans,N,,,0.037,N,T2,27.298631,-81.36615
343,016,B-4,03.10.2020,8:06:00,08:36:00,1800.0,M,North Key Largo,North Key Largo,Dagny Trellis,C. corindum,Y,CB,,0.041,N,T2,25.1755702,-80.36780089
71,016,A-1,03.10.2020,8:38:00,09:58:00,4800.0,M,Leesburg,Lake,Mount & 8th,K.elegans,Y,C,,0.031,N,T2,28.7963435,-81.8778849
426,016,A-2,03.10.2020,8:39:00,11:37:00,10680.0,M,North Key Largo,North Key Largo,Charlemagne,C. corindum,Y,BC,,0.033,N,T2,25.19515,-80.345916
324,016,A-3,03.10.2020,8:40:00,22:02:52,48172.0,M,North Key Largo,North Key Largo,DD front,C. corindum,Y,C,,0.038,N,T2,25.2734885,-80.3040957
59,016,A-4,03.10.2020,8:41:00,09:14:00,1980.0,F,Lake Placid,Highlands,110N Main,K.elegans,N,,,0.075,Y,T2,27.298631,-81.36615
10,016,B-1,03.10.2020,8:42:00,11:13:00,9060.0,M,Plantation Key,Plantation Key,Founder's,C. corindum,Y,C,,0.051,N,T2,24.96424,-80.5673321
225,016,B-3,03.10.2020,8:43:00,11:13:00,9000.0,M,North Key Largo,North Key Largo,DD front,C. corindum,Y,C,,0.033,N,T2,25.2734885,-80.3040957
119,016,B-4,03.10.2020,8:44:00,09:14:00,1800.0,F,Key Largo,Key Largo,JP,C. corindum,Y,B,,0.047,N,T2,25.1284578,-80.4080913
156,016,A-4,03.10.2020,9:15:00,09:47:00,1920.0,F,Homestead,Miami-Dade,SW 296th St,K.elegans,N,,,0.068,Y,T2,25.491362,-80.485821
53,016,B-4,03.10.2020,9:16:00,11:37:00,8460.0,F,Lake Placid,Highlands,110N Main,K.elegans,Y,BC,,0.067,N,T2,27.298631,-81.36615
48,016,A-4,03.10.2020,9:48:00,10:18:00,1800.0,F,Homestead,Miami-Dade,SW 296th St,K.elegans,N,,,0.048,Y,T2,25.491362,-80.485821
250,016,A-1,03.10.2020,10:18:00,10:49:00,1860.0,M,North Key Largo,North Key Largo,N. Dagny,C. corindum,N,,,0.041,N,T2,25.1820931,-80.3631938
246,016,A-4,03.10.2020,10:19:00,10:49:00,1800.0,F,North Key Largo,North Key Largo,N. Dagny,C. corindum,N,,,0.137,Y,T2,25.1820931,-80.3631938
54,016,A-1,03.10.2020,10:50:00,11:21:00,1860.0,F,Lake Placid,Highlands,110N Main,K.elegans,N,,,0.072,Y,T2,27.298631,-81.36615
210,016,A-4,03.10.2020,10:51:00,11:40:00,2940.0,F,Plantation Key,Plantation Key,Founder's,C. corindum,Y,C,,0.054,N,T2,24.96424,-80.5673321
401,016,A-1,03.10.2020,11:21:00,11:56:00,2100.0,F,Plantation Key,Plantation Key,Founder's,C. corindum,N,,,0.097,Y,T2,24.96424,-80.5673321
314,016,B-1,03.10.2020,11:22:00,11:56:00,2040.0,F,Key Largo,Key Largo,KLMRL,C. corindum,N,,,0.082,Y,T2,25.1000151,-80.437522
170,016,B-2,03.10.2020,11:25:00,11:56:00,1860.0,M,Lake Placid,Highlands,110N Main,K.elegans,Y,B,,0.046,N,T2,27.298631,-81.36615
108,016,B-3,03.10.2020,11:26:00,11:56:00,1800.0,M,Plantation Key,Plantation Key,Founder's,C. corindum,N,,,0.051,N,T2,24.96424,-80.5673321
353,016,A-1,03.10.2020,11:57:00,19:59:11,28931.0,M,North Key Largo,North Key Largo,N. Dagny,C. corindum,Y,C,,0.038,N,T2,25.1820931,-80.3631938
203,016,A-2,03.10.2020,11:58:00,12:33:00,2100.0,M,Plantation Key,Plantation Key,Aregood Ln,C. corindum,N,,,0.047,N,T2,24.9735748,-80.5539224
218,016,A-4,03.10.2020,11:59:00,15:28:00,12540.0,M,Key Largo,Key Largo,JP,C. corindum,Y,C,,0.048,N,T2,25.1284578,-80.4080913
247,016,B-1,03.10.2020,12:00:00,12:33:00,1980.0,M,North Key Largo,North Key Largo,N. Dagny,C. corindum,Y,B,,0.034,N,T2,25.1820931,-80.3631938
258,016,B-2,03.10.2020,12:01:00,12:33:00,1920.0,M,Homestead,Miami-Dade,SW 296th St,K.elegans,Y,B,,0.030,N,T2,25.491362,-80.485821
342,016,B-3,03.10.2020,12:02:00,12:33:00,1860.0,F,North Key Largo,North Key Largo,Dagny Trellis,C. corindum,N,,,0.098,Y,T2,25.1755702,-80.36780089
116,016,B-4,03.10.2020,12:03:00,12:33:00,1800.0,F,Key Largo,Key Largo,JP,C. corindum,Y,B,,0.085,Y,T2,25.1284578,-80.4080913
14,016,A-2,03.10.2020,13:06:00,13:40:00,2040.0,M,Key Largo,Key Largo,KLMRL,C. corindum,N,,,0.029,N,T2,25.1000151,-80.437522
6,016,B-1,03.10.2020,13:07:00,23:29:29,37349.0,M,Plantation Key,Plantation Key,Founder's,C. corindum,Y,C,,0.043,N,T2,24.96424,-80.5673321
201,016,B-2,03.10.2020,13:08:00,13:40:00,1920.0,M,Plantation Key,Plantation Key,Aregood Ln,C. corindum,N,,,0.043,N,T2,24.9735748,-80.5539224
115,016,B-3,03.10.2020,13:09:00,13:40:00,1860.0,F,Key Largo,Key Largo,KLMRL,C. corindum,N,,,0.083,Y,T2,25.1000151,-80.437522
420,016,B-4,03.10.2020,13:10:00,13:40:00,1800.0,F,North Key Largo,North Key Largo,N. Dagny,C. corindum,N,,,0.062,Y,T2,25.1820931,-80.3631938
