ID,died?,chamber,set_number,test_date,time_start,time_end,temp,RH,pop,flew,flight_type,ID,mass,EWM,NOTES,next_day
1040,Y,,001,10/12/21,,,12,70,KL,,,1040,,,died or short-winged,
1024,,A-1,001,10/12/21,11:00,11:37,12,70,KL,Y,CB,1024,0.054,N,arm friction and misplacement ,
1090,,A-2,001,10/12/21,11:00,11:38,12,70,KL,Y,B,1090,0.043,N,,
114,,A-3,001,10/12/21,11:01,11:38,12,70,PK,Y,CB,114,0.037,N,,
1146,,A-4,001,10/12/21,11:01,11:38,12,70,PK,Y,CB,1146,0.043,N,,
1235,,B-1,001,10/12/21,11:02,11:39,12,70,KL,Y,B,1235,0.084,Y,,
1009,,B-2,001,10/12/21,11:02,11:39,12,70,KL,Y,B,1009,0.056,N,,
1084,,B-3,001,10/12/21,11:03,11:39,12,70,KL,Y,CB,1084,0.048,N,,
1138,Y,,001,10/12/21,,,12,70,KL,,,1138,,,died or short-winged,
1141,,B-4,001,10/12/21,11:04,11:40,12,70,KL,N,,1141,0.132,Y,,
1172,Y,,001,10/12/21,,,12,70,PK,,,1172,,,died or short-winged,
1128,,C-1,001,10/12/21,11:08,11:49,12,70,KL,Y,B,1128,0.037,N,,
1163,Y,,001,10/12/21,,,12,70,PK,,,1163,,,died or short-winged,
1015,Y,,001,10/12/21,,,12,70,KL,,,1015,,,died or short-winged,
1027,Y,,001,10/12/21,,,12,70,KL,,,1027,,,died or short-winged,
1147,,C-2,001,10/12/21,11:09,11:49,12,70,PK,Y,BC,1147,0.040,N,arm friction and misplacement ,
1003,,C-3,001,10/12/21,11:10,11:49,12,70,KL,Y,B,1003,0.043,N,,
1037,Y,,001,10/12/21,,,12,70,KL,,,1037,,,died or short-winged,
1137,Y,,001,10/12/21,,,12,70,KL,,,1137,,,died or short-winged,
1032,Y,,001,10/12/21,,,12,70,KL,,,1032,,,died or short-winged,
1149,Y,,001,10/12/21,,,12,70,PK,,,1149,,,died or short-winged,
1042,,C-4,001,10/12/21,11:11,11:49,12,70,KL,Y,B,1042,0.044,N,,
1017,,D-1,001,10/12/21,11:12,11:50,12,70,KL,Y,B,1017,0.125,Y,,
1426,Y,,001,10/12/21,,,12,70,PK,,,1426,,,died or short-winged,
1081,,D-2,001,10/12/21,11:13,11:50,12,70,KL,Y,B,1081,0.054,N,,
1078,,D-3,001,10/12/21,11:14,11:50,12,70,KL,Y,B,1078,0.108,N,,
1131,,D-4,001,10/12/21,11:15,11:50,12,70,KL,Y,BC,1131,0.047,N,,
1130,Y,,001,10/12/21,,,12,70,KL,,,1130,,,died or short-winged,
1007,,A-1,001,10/12/21,11:43,12:14,12,70,KL,Y,C,1007,0.039,N,arm friction and misplacement ,
ID,died?,chamber,set_number,test_date,time_start,time_end,temp,RH,pop,flew,flight_type,ID,mass,EWM,NOTES,next_day
1010,,A-1,002,10/13/21,11:58,12:37,28,70,KL,Y,B,1010,0.042,N,,
1074,Y,,002,10/13/21,,,28,70,KL,,,1074,,,died or short-winged,
1139,,A-2,002,10/13/21,11:59,12:37,28,70,KL,N,,1139,0.108,Y,,
1451,Y,,002,10/13/21,,,28,70,PK,,,1451,,,died or short-winged,
1129,Y,,002,10/13/21,,,28,70,KL,,,1129,,,died or short-winged,
1127,,A-3,002,10/13/21,12:00,9:23,28,70,KL,Y,C,1127,0.044,N,,Y
1134,,A-4,002,10/13/21,12:01,12:38,28,70,KL,N,,1134,0.042,N,,
1026,,B-1,002,10/13/21,12:01,12:38,28,70,KL,Y,B,1026,0.086,Y,,
1075,,,002,10/13/21,,,28,70,KL,Y,,1075,0.049,N,paint fel off; moved to later day,
1072,Y,,002,10/13/21,,,28,70,KL,,,1072,,,died or short-winged,
1300,,B-3,002,10/13/21,12:04,12:38,28,70,KL,Y,B,1300,0.050,N,,
1011,,B-4,002,10/13/21,12:04,13:03,28,70,KL,Y,C,1011,0.084,Y,,
1022,Y,,002,10/13/21,,,28,70,KL,,,1022,,,died or short-winged,
1064,,C-1,002,10/13/21,12:20,13:01,28,70,KL,Y,B,1064,0.114,Y,,
1077,,C-2,002,10/13/21,12:21,13:02,28,70,KL,Y,B,1077,0.044,N,,
1142,,C-3,002,10/13/21,12:22,13:42,28,70,PK,Y,C,1142,0.047,N,not registering recording; fixed 13:02,
1019,Y,,002,10/13/21,,,28,70,KL,,,1019,,,died or short-winged,
1143,,C-4,002,10/13/21,12:23,13:02,28,70,PK,Y,B,1143,0.060,N,,
1204,Y,,002,10/13/21,,,28,70,KL,,,1204,,,died or short-winged,
1145,,D-1,002,10/13/21,12:24,13:02,28,70,PK,Y,B,1145,0.094,Y,,
1058,,D-2,002,10/13/21,12:24,13:42,28,70,KL,Y,C,1058,0.098,Y,,
1397,,D-3,002,10/13/21,12:25,13:02,28,70,PK,Y,B,1397,0.050,N,,
1065,,D-4,002,10/13/21,12:26,13:18,28,70,KL,Y,BC,1065,0.046,N,,
1086,,A-1,002,10/13/21,12:40,13:15,28,70,KL,Y,B,1086,0.032,N,,
1390,Y,,002,10/13/21,,,28,70,PK,,,1390,,,died or short-winged,
1071,Y,,002,10/13/21,,,28,70,KL,,,1071,,,died or short-winged,
1076,,A-2,002,10/13/21,12:41,9:23,28,70,KL,Y,C,1076,0.050,N,,Y
1136,Y,,002,10/13/21,,,28,70,KL,,,1136,,,died or short-winged,
1335,,A-4,002,10/13/21,12:42,13:15,28,70,KL,Y,B,1335,0.035,N,,
1133,Y,,002,10/13/21,,,28,70,KL,,,1133,,,died or short-winged,
ID,died?,chamber,set_number,test_date,time_start,time_end,temp,RH,pop,flew,flight_type,ID,mass,EWM,NOTES,next_day
1105,,A-1,003,10/14/21,10:10,10:42,20,70,KL,N,,1105,0.107,Y,,
1416,,A-2,003,10/14/21,10:11,13:11,20,70,PK,Y,C,1416,0.053,N,,
1118,,A-3,003,10/14/21,10:12,10:42,20,70,KL,N,,1118,0.104,Y,,
1429,Y,,003,10/14/21,,,20,70,,,,1429,,,died or short-winged,
1112,Y,,003,10/14/21,,,20,70,,,,1112,,,died or short-winged,
1122,,A-4,003,10/14/21,10:12,10:42,20,70,KL,Y,B,1122,0.037,N,,
1296,,B-1,003,10/14/21,10:13,10:43,20,70,KL,Y,B,1296,0.089,Y,,
1036,Y,,003,10/14/21,,,20,70,,,,1036,,,died or short-winged,
1305,,B-2,003,10/14/21,10:14,10:58,20,70,KL,Y,BC,1305,0.043,N,,
1140,,B-3,003,10/14/21,10:15,13:49,20,70,KL,Y,BC,1140,0.038,N,,
1206,,B-4,003,10/14/21,10:15,11:04,20,70,KL,Y,C,1206,0.088,Y,,
1047,,C-1,003,10/14/21,10:16,10:49,20,70,KL,N,,1047,0.032,N,,
1403,,C-2,003,10/14/21,10:17,10:49,20,70,PK,Y,B,1403,0.041,N,,
1255,,C-3,003,10/14/21,10:18,10:49,20,70,KL,Y,B,1255,0.112,Y,,
1168,,C-4,003,10/14/21,10:19,10:49,20,70,PK,N,,1168,0.113,Y,,
1087,,D-1,003,10/14/21,10:20,10:52,20,70,KL,Y,B,1087,0.035,N,,
1293,,D-2,003,10/14/21,10:20,10:52,20,70,KL,Y,B,1293,0.033,N,,
1120,,D-3,003,10/14/21,10:21,10:52,20,70,KL,Y,B,1120,0.050,N,,
1114,,D-4,003,10/14/21,10:22,10:52,20,70,KL,Y,B,1114,0.052,N,,
1161,,A-1,003,10/14/21,10:44,11:16,20,70,PK,N,,1161,0.118,Y,,
1382,,A-3,003,10/14/21,10:45,11:16,20,70,KL,N,,1382,0.041,N,,
1437,,A-4,003,10/14/21,10:46,11:16,20,70,PK,N,,1437,0.114,Y,,
1046,,B-1,003,10/14/21,10:47,11:17,20,70,KL,Y,B,1046,0.084,N,,
1039,,C-1,003,10/14/21,10:51,11:24,20,70,KL,Y,B,1039,0.037,N,,
1170,Y,,003,10/14/21,,,20,70,,,,1170,,,died or short-winged,
1344,,C-2,003,10/14/21,10:52,11:24,20,70,KL,Y,B,1344,0.045,N,,
1053,,C-3,003,10/14/21,10:53,12:06,20,70,KL,Y,BC,1053,0.043,N,,
1108,,C-4,003,10/14/21,10:54,11:24,20,70,KL,Y,B,1108,0.047,N,,
1262,,D-1,003,10/14/21,10:55,11:27,20,70,KL,N,,1262,0.095,Y,,
1013,,D-2,003,10/14/21,10:56,11:27,20,70,KL,N,,1013,0.099,Y,,
1075,,D-3,003,10/14/21,10:57,11:27,20,70,PK,Y,B,1075,0.034,N,,
ID,died?,chamber,set_number,test_date,time_start,time_end,temp,RH,pop,flew,flight_type,ID,mass,EWM,NOTES,next_day
1169,,A-1,004,10/15/21,9:49,10:22,40,70,PK,Y,B,1169,0.114,Y,,
1121,,A-2,004,10/15/21,9:50,11:46,40,70,KL,Y,C,1121,0.102,Y,,
1030,,A-3,004,10/15/21,9:51,10:22,40,70,KL,N,,1030,0.098,Y,,
1104,,A-4,004,10/15/21,9:52,10:22,40,70,KL,Y,B,1104,0.052,N,,
1433,,B-1,004,10/15/21,9:53,11:46,40,70,PK,Y,BC,1433,0.062,N,,
1035,Y,,004,10/15/21,,,40,70,,,,1035,,,died or short-winged,
1283,,B-2,004,10/15/21,9:53,10:27,40,70,KL,Y,B,1283,0.066,N,,
1020,,B-3,004,10/15/21,9:56,10:27,40,70,L,Y,B,1020,0.058,N,,
1231,,B-4,004,10/15/21,9:57,11:46,40,70,KL,Y,C,1231,0.057,N,,
1049,,C-1,004,10/15/21,9:58,10:31,40,70,KL,Y,B,1049,0.088,Y,,
1203,,C-2,004,10/15/21,9:59,10:31,40,70,KL,Y,B,1203,0.129,Y,,
1339,,C-3,004,10/15/21,10:00,10:31,40,70,KL,Y,B,1339,0.056,N,,
1307,,C-4,004,10/15/21,10:01,10:38,40,70,KL,Y,C,1307,0.055,N,,
1029,,D-1,004,10/15/21,10:01,10:32,40,70,KL,Y,B,1029,0.044,N,,
1256,,D-2,004,10/15/21,10:02,10:32,40,70,KL,Y,B,1256,0.049,N,,
1405,,D-3,004,10/15/21,10:02,10:32,40,70,PK,Y,B,1405,0.052,N,,
1166,?,,004,10/15/21,,,40,70,,,,1166,,,died or short-winged,
1244,,D-4,004,10/15/21,10:02,10:32,40,70,KL,Y,B,1244,0.119,Y,,
1269,,A-1,004,10/15/21,10:25,10:57,40,70,KL,N,,1269,0.129,Y,,
1164,?,,004,10/15/21,,,40,70,,,,1164,,,died or short-winged,
1268,,A-3,004,10/15/21,10:26,11:46,40,70,KL,Y,C,1268,0.075,N,,
1123,,A-4,004,10/15/21,10:27,11:46,40,70,KL,Y,C,1123,0.119,Y,,
1272,?,,004,10/15/21,,,40,70,,,,1272,,,died or short-winged,
1048,Y,,004,10/15/21,,,40,70,,,,1048,,,died or short-winged,
1117,,B-2,004,10/15/21,10:29,11:00,40,70,KL,Y,B,1117,0.048,N,,
1234,,B-3,004,10/15/21,10:30,11:00,40,70,KL,Y,B,1234,0.050,N,,
1395,,C-1,004,10/15/21,10:35,11:06,40,70,PK,Y,B,1395,0.081,Y,,
1400,,C-2,004,10/15/21,10:36,11:06,40,70,PK,Y,B,1400,0.055,N,,
ID,died?,chamber,set_number,test_date,time_start,time_end,temp,RH,pop,flew,flight_type,ID,mass,EWM,NOTES,next_day
1401,,,005,10/19/21,,,36,70,,,,1401,,,missed,
1215,,A-1,005,10/19/21,9:25,9:58,36,70,KL,Y,B,1215,0.041,N,,
1107,,,005,10/19/21,,,36,70,,,,1107,,,,
1356,,A-2,005,10/19/21,9:26,10:07,36,70,KL,Y,C,1356,0.105,Y,,
1560,,A-3,005,10/19/21,9:27,10:13,36,70,PK,Y,C,1560,0.042,N,,
1318,,A-4,005,10/19/21,9:28,9:58,36,70,KL,Y,B,1318,0.039,N,,
1016,,B-1,005,10/19/21,9:29,10:00,36,70,KL,N,,1016,0.078,N,,
1208,,B-2,005,10/19/21,9:30,10:00,36,70,KL,Y,B,1208,0.115,Y,,
1225,,B-3,005,10/19/21,9:31,11:05,36,70,KL,Y,C,1225,0.127,Y,,
1285,,,005,10/19/21,,,36,70,,,,1285,,,missed,
1212,,B-4,005,10/19/21,9:33,14:01,36,70,KL,Y,C,1212,0.098,Y,,
1165,?,,005,10/19/21,,,36,70,,,,1165,,,,
1314,,C-1,005,10/19/21,9:35,10:07,36,70,KL,N,,1314,0.087,Y,,
1218,,C-2,005,10/19/21,9:36,14:01,36,70,KL,Y,BC,1218,0.047,N,,
1411,,C-3,005,10/19/21,9:37,10:07,36,70,PK,Y,B,1411,0.033,N,,
1353,,C-4,005,10/19/21,9:38,10:13,36,70,KL,Y,C,1353,0.081,Y,,
1211,,D-1,005,10/19/21,9:39,10:12,36,70,KL,Y,B,1211,0.028,N,,
1210,,D-2,005,10/19/21,9:40,11:05,36,70,KL,Y,C,1210,0.035,N,,
1478,,D-3,005,10/19/21,9:41,10:12,36,70,PK,Y,B,1478,0.046,N,,
1468,,D-4,005,10/19/21,9:42,10:12,36,70,PK,Y,B,1468,0.037,N,antenna painted,
1428,,A-1,005,10/19/21,10:00,10:33,36,70,PK,Y,B,1428,0.049,N,antenna painted,
1274,,A-4,005,10/19/21,10:01,10:33,36,70,KL,Y,C,1274,0.081,Y,,
1517,,B-1,005,10/19/21,10:02,10:33,36,70,PK,N,,1517,0.040,N,,
1288,,,005,10/19/21,,,36,70,,,,1288,,,missed,
1322,,B-2,005,10/19/21,10:03,10:33,36,70,KL,N,,1322,0.038,N,,
ID,died?,chamber,set_number,test_date,time_start,time_end,temp,RH,pop,flew,flight_type,ID,mass,EWM,NOTES,next_day
1398,,A-1,006,10/20/21,9:28,10:01,20,70,PK,Y,B,1398,0.046,N,,
1291,,A-2,006,10/20/21,9:29,10:01,20,70,KL,Y,B,1291,0.097,Y,,
1552,,A-3,006,10/20/21,9:30,12:08,20,70,PK,Y,BC,1552,0.051,N,,
1312,,A-4,006,10/20/21,9:31,13:45,20,70,KL,Y,C,1312,0.058,N,,
1227,,B-1,006,10/20/21,9:31,10:04,20,70,KL,Y,B,1227,0.052,N,,
1055,,B-2,006,10/20/21,9:32,10:04,20,70,KL,Y,BC,1055,0.089,Y,,
1352,,B-3,006,10/20/21,9:33,10:04,20,70,KL,Y,B,1352,0.042,N,,
1214,,B-4,006,10/20/21,9:34,13:45,20,70,KL,Y,C,1214,0.080,Y,,
1162,,,006,10/20/21,,,20,70,,,,1162,,,,
1233,,C-1,006,10/20/21,9:34,10:07,20,70,KL,Y,B,1233,0.094,N,,
1249,,C-2,006,10/20/21,9:35,10:29,20,70,KL,Y,C,1249,0.045,N,,
1360,,C-3,006,10/20/21,9:36,10:07,20,70,KL,N,,1360,0.024,N,,
1159,,C-4,006,10/20/21,9:37,10:07,20,70,PK,Y,B,1159,0.036,N,,
1116,,,006,10/20/21,,,20,70,,,,1116,,,,
1302,,D-1,006,10/20/21,9:37,10:10,20,70,KL,Y,B,1302,0.034,N,,
1548,,D-2,006,10/20/21,9:38,10:10,20,70,PK,N,,1548,0.077,Y,,
1240,,D-3,006,10/20/21,9:39,12:08,20,70,KL,Y,C,1240,0.046,N,,
1113,,D-4,006,10/20/21,9:40,10:10,20,70,KL,N,,1113,0.066,Y,,
1287,,A-1,006,10/20/21,10:04,10:35,20,70,KL,Y,B,1287,0.045,N,,
1386,,A-2,006,10/20/21,10:05,10:35,20,70,KL,Y,B,1386,0.047,N,,
1219,,B-1,006,10/20/21,10:06,10:38,20,70,KL,Y,B,1219,0.036,N,,
1109,,B-2,006,10/20/21,10:07,12:08,20,70,KL,Y,C,1109,0.069,N,,
1319,,B-3,006,10/20/21,10:08,10:38,20,70,KL,Y,B,1319,0.042,N,,
1060,,C-1,006,10/20/21,10:10,10:42,20,70,KL,N,,1060,0.035,N,,
1273,,C-3,006,10/20/21,10:11,10:42,20,70,KL,Y,B,1273,0.043,N,,
1005,,C-4,006,10/20/21,10:12,10:42,20,70,KL,Y,B,1005,0.027,N,,
1546,,D-1,006,10/20/21,10:13,10:45,20,70,PK,Y,B,1546,0.115,Y,,
1401,,D-2,006,10/20/21,10:14,10:45,20,70,PK,Y,B,1401,0.085,Y,,
1285,,D-4,006,10/20/21,10:15,10:45,20,70,KL,Y,B,1285,0.046,N,,
1288,,A-1,006,10/20/21,10:36,11:06,20,70,KL,Y,B,1288,0.084,Y,,
1289,,A-2,006,10/20/21,10:37,15:38,20,70,KL,Y,BC,1289,0.077,Y,,
1223,,B-1,006,10/20/21,10:38,13:45,20,70,KL,Y,BC,1223,0.044,N,,
ID,died?,chamber,set_number,test_date,time_start,time_end,temp,RH,pop,flew,flight_type,ID,mass,Eggs,NOTES,next_day
1125,,A-1,007,10/21/21,9:15,9:45,28,70,KL,Y,B,1125,0.039,N,,
1529,,A-2,007,10/21/21,9:16,15:00,28,70,PK,Y,C,1529,0.043,N,,
1598,,A-3,007,10/21/21,9:17,11:06,28,70,PK,Y,BC,1598,0.041,N,,
1111,,A-4,007,10/21/21,9:18,8:51,28,70,KL,Y,C,1111,0.081,N,,
1489,,B-1,007,10/21/21,9:18,9:51,28,70,PK,N,,1489,0.115,N,,
1622,,B-2,007,10/21/21,9:19,9:51,28,70,PK,Y,B,1622,0.054,N,,
1237,,B-3,007,10/21/21,9:20,9:51,28,70,KL,N,,1237,0.041,N,,
1292,,B-4,007,10/21/21,9:21,9:51,28,70,KL,Y,BC,1292,0.043,N,,
1315,,C-1,007,10/21/21,9:21,10:09,28,70,KL,Y,,1315,0.042,N,,
1421,,C-2,007,10/21/21,9:22,9:54,28,70,PK,N,,1421,0.116,Y,,
1430,?,,007,10/21/21,,,28,70,PK,,,1430,,,died or short-winged,
1587,,C-3,007,10/21/21,9:23,9:54,28,70,PK,N,,1587,0.103,N,,
1603,,C-4,007,10/21/21,9:24,9:54,28,70,PK,Y,B,1603,0.045,N,,
1591,?,,007,10/21/21,,,28,70,PK,,,1591,,,died or short-winged,
1560.5,,D-4,007,10/21/21,9:24,11:06,28,70,KL,Y,C,1560.5,0.063,N,,
1284,,D-2,007,10/21/21,9:25,9:55,28,70,KL,Y,C,1284,0.05,N,,
1530,,D-3,007,10/21/21,9:26,11:06,28,70,PK,Y,C,1530,0.054,N,,
1585,,D-1,007,10/21/21,9:27,9:57,28,70,PK,Y,C,1585,0.059,N,,
1559.5,,A-1,007,10/21/21,9:50,10:21,28,70,PK,Y,B,1559.5,0.056,N,,
1556.5,,B-1,007,10/21/21,9:51,10:21,28,70,KL,Y,B,1556.5,0.079,N,,
1560.5,,B-2,007,10/21/21,9:52,11:06,28,70,KL,Y,BC,1560.5,0.057,N,,
ID,died?,chamber,set_number,test_date,time_start,time_end,temp,RH,pop,flew,flight_type,ID,mass,Eggs,NOTES,next_day
1564,,A-1,008,10/22/21,9:21,9:54,40,70,KL,Y,B,1564,0.041,N,,
1415,,A-2,008,10/22/21,9:22,9:54,40,70,PK,N,,1415,0.050,N,,
1236,,A-3,008,10/22/21,9:23,9:54,40,70,KL,Y,B,1236,0.059,N,,
1383,,A-4,008,10/22/21,9:24,9:54,40,70,KL,N,,1383,0.088,Y,,
1425,,B-1,008,10/22/21,9:24,10:54,40,70,PK,Y,C,1425,0.040,N,,
1544.5,Y,,008,10/22/21,,,40,70,KL,,,1544.5,,,,
1457,,B-2,008,10/22/21,9:25,10:55,40,70,PK,Y,C,1457,0.046,N,had only one antenna ,
1252,,B-3,008,10/22/21,9:26,9:57,40,70,KL,Y,B,1252,0.094,N,,
1469,,B-4,008,10/22/21,9:27,9:57,40,70,PK,N,,1469,0.096,Y,,
1551,,C-1,008,10/22/21,9:28,10:00,40,70,PK,Y,B,1551,0.104,Y,,
1563,,,008,10/22/21,,,40,70,KL,,,1563,,,escaped,
1461,,C-2,008,10/22/21,9:29,13:02,40,70,PK,Y,C,1461,0.084,Y,,
1554,,C-3,008,10/22/21,9:30,10:00,40,70,PK,Y,B,1554,0.055,N,,
1646,,C-4,008,10/22/21,9:30,10:00,40,70,PK,N,,1646,0.049,N,,
1555,,D-1,008,10/22/21,9:31,10:04,40,70,PK,Y,B,1555,0.056,N,,
1260,,D-2,008,10/22/21,9:32,10:04,40,70,KL,Y,B,1260,0.074,N,,
1447,,D-3,008,10/22/21,9:33,10:54,40,70,PK,Y,,1447,0.054,N,,
1678,,D-4,008,10/22/21,9:34,10:04,40,70,PK,Y,B,1678,0.058,N,,
ID,died?,chamber,set_number,test_date,time_start,time_end,temp,RH,pop,flew,flight_type,ID,mass,Eggs,NOTES,next_day
1681,,A-1,009,10/26/21,9:01,9:34,12,70,PK,Y,B,1681,0.045,N,,
1586,,A-2,009,10/26/21,9:02,9:34,12,70,PK,Y,B,1586,0.038,N,,
1688,,A-3,009,10/26/21,9:03,9:34,12,70,KL,N,,1688,0.034,N,,
1544,,A-4,009,10/26/21,9:04,9:34,12,70,KL,Y,B,1544,0.096,Y,,
1604,,B-1,009,10/26/21,9:04,9:37,12,70,PK,N,,1604,0.044,N,,
1495,,B-2,009,10/26/21,9:05,9:37,12,70,PK,N,,1495,0.079,Y,,
1677,,B-3,009,10/26/21,9:06,9:37,12,70,PK,Y,B,1677,0.038,N,,
1676,,B-4,009,10/26/21,9:07,9:37,12,70,PK,Y,B,1676,0.043,N,,
1459,,C-1,009,10/26/21,9:07,9:40,12,70,PK,Y,B,1459,0.089,Y,,
1557.5,,C-2,009,10/26/21,9:09,9:40,12,70,KL,Y,B,1557.5,0.048,N,,
1563.5,,C-3,009,10/26/21,9:10,9:40,12,70,KL,Y,B,1563.5,0.044,N,,
ID,died?,chamber,set_number,test_date,time_start,time_end,temp,RH,pop,flew,flight_type,ID,mass,Eggs,NOTES,next_day
1557.5,?,,010,10/27/21,,,36,70,KL,,,1557.5,,,,
1553,,A-1,010,10/27/21,8:50,8:20,36,70,PK,Y,C,1553,0.044,N,,Y
1616,,A-2,010,10/27/21,8:51,9:41,36,70,PK,Y,B,1616,0.092,Y,,
1596,,A-3,010,10/27/21,8:52,11:56,36,70,PK,Y,C,1596,0.034,N,,
1365,,A-4,010,10/27/21,8:53,9:23,36,70,KL,N,,1365,0.033,N,,
1682,,B-1,010,10/27/21,8:54,14:29,36,70,PK,Y,C,1682,0.082,Y,,
1620,,B-2,010,10/27/21,8:54,14:29,36,70,PK,Y,C,1620,0.047,N,,
1570,,B-3,010,10/27/21,8:54,9:41,36,70,KL,Y,C,1570,0.076,Y,,
1563,,B-4,010,10/27/21,8:55,9:55,36,70,PK,Y,CB,1563,0.067,N,found,
ID,died?,chamber,set_number,test_date,time_start,time_end,temp,RH,pop,flew,flight_type,ID,mass,Eggs,NOTES,next_day
1594,,A-1,011,10/28/21,9:08,8:25,20,70,PK,Y,B,1594,0.048,N,,Y
1742,,A-2,011,10/28/21,9:09,8:25,20,70,PK,Y,BC,1742,0.059,N,,Y
1665,,A-3,011,10/28/21,9:09,9:40,20,70,PK,Y,B,1665,0.049,N,,
1607,,A-4,011,10/28/21,9:10,9:40,20,70,PK,N,,1607,0.102,Y,,
1729,,B-1,011,10/28/21,9:11,9:43,20,70,PK,Y,B,1729,0.095,Y,,
1612,,B-2,011,10/28/21,9:11,9:43,20,70,PK,Y,B,1612,0.068,Y,,
1609,,B-3,011,10/28/21,9:12,10:27,20,70,PK,Y,BC,1609,0.094,Y,,
1655,,B-4,011,10/28/21,9:13,9:43,20,70,PK,N,,1655,0.082,Y,,
ID,died?,chamber,set_number,test_date,time_start,time_end,temp,RH,pop,flew,flight_type,ID,mass,Eggs,NOTES,next_day
1673,,A-1,012,10/29/21,9:25,10:30,40,70,PK,Y,BC,1673,0.060,N,,
1734,,A-2,012,10/29/21,9:26,9:57,40,70,PK,Y,B,1734,0.090,Y,,
1384,,A-3,012,10/29/21,9:27,10:30,40,70,KL,Y,C,1384,0.041,N,,
1606,,A-4,012,10/29/21,9:27,9:57,40,70,PK,Y,B,1606,0.052,N,,
1664,,B-1,012,10/29/21,9:28,10:00,40,70,PK,Y,B,1664,0.049,N,,
1685,,B-2,012,10/29/21,9:29,10:00,40,70,KL,N,,1685,0.057,N,,
1727,,B-3,012,10/29/21,9:29,10:00,40,70,PK,Y,B,1727,0.053,N,,
1680,,B-4,012,10/29/21,9:30,10:00,40,70,PK,N,,1680,0.074,Y,,
1589,,C-1,012,10/29/21,9:31,10:03,40,70,PK,Y,B,1589,0.062,N,,
1645,,C-2,012,10/29/21,9:31,10:03,40,70,PK,N,,1645,0.053,N,,
1568.5,,C-3,012,10/29/21,9:32,10:03,40,70,KL,Y,B,1568.5,0.055,N,,
1567,,C-4,012,10/29/21,9:33,10:03,40,70,KL,Y,B,1567,0.066,N,,
1310,,D-1,012,10/29/21,9:34,10:30,40,70,KL,Y,C,1310,0.069,N,,
1538,,D-2,012,10/29/21,9:35,10:30,40,70,PK,Y,C,1538,0.106,Y,,
ID,died?,chamber,set_number,test_date,time_start,time_end,temp,RH,pop,flew,flight_type,ID,mass,Eggs,NOTES,next_day
1744,,A-1,013,11/2/21,10:40,11:12,12,70,PK,Y,B,1744,0.049,N,,
1747,,A-2,013,11/2/21,10:41,11:12,12,70,PK,Y,B,1747,0.055,N,,
1565,,A-3,013,11/2/21,10:42,11:12,12,70,KL,Y,B,1565,0.083,N,,
1689,,A-4,013,11/2/21,10:42,11:12,12,70,KL,Y,B,1689,0.052,N,,
1547,,B-1,013,11/2/21,10:43,11:16,12,70,PK,N,,1547,0.036,N,,
1628,,B-2,013,11/2/21,10:44,11:16,12,70,PK,Y,B,1628,0.038,N,,
1686,,B-3,013,11/2/21,10:45,11:16,12,70,KL,Y,B,1686,0.085,Y,,
1584,,B-4,013,11/2/21,10:46,11:16,12,70,PK,N,,1584,0.110,Y,,
1735,,C-1,013,11/2/21,10:46,11:16,12,70,PK,Y,B,1735,0.086,Y,,
ID,died?,chamber,set_number,test_date,time_start,time_end,temp,RH,pop,flew,flight_type,ID,mass,Eggs,NOTES,next_day
1725,,A-1,014,11/3/21,11:09,11:48,36,70,PK,N,,1725,0.052,N,,
1536,,A-2,014,11/3/21,11:12,11:48,36,70,PK,Y,B,1536,0.094,Y,,
1627,,A-3,014,11/3/21,11:13,11:48,36,70,PK,N,,1627,0.108,Y,,
1558.5,?,,014,11/3/21,,,36,70,KL,,,1558.5,,,died or short-winged,
1736,,A-4,014,11/3/21,11:14,11:48,36,70,PK,N,,1736,0.096,Y,,
1687,,B-1,014,11/3/21,11:15,11:49,36,70,KL,N,,1687,0.102,Y,,
1329,,B-2,014,11/3/21,11:16,11:49,36,70,KL,N,,1329,0.070,Y,,
1650,,B-3,014,11/3/21,11:18,12:36,36,70,PK,Y,C,1650,0.054,N,,
1745,,B-4,014,11/3/21,11:19,11:49,36,70,PK,Y,B,1745,0.052,N,,
1605,,C-1,014,11/3/21,11:23,12:36,36,70,PK,Y,BC,1605,0.052,N,,
1558.5,,C-2,014,11/3/21,11:24,11:57,36,70,KL,Y,B,1558.5,0.084,N,,
1565.5,,C-3,014,11/3/21,11:25,11:57,36,70,KL,N,,1565.5,0.063,N,,
1729,,C-4,014,11/3/21,11:26,13:34,36,70,PK,Y,BC,1729,0.117,Y,,
1612,,D-1,014,11/3/21,11:27,11:58,36,70,PK,Y,B,1612,0.080,Y,,
ID,died?,chamber,set_number,test_date,time_start,time_end,temp,RH,pop,flew,flight_type,ID,mass,Eggs,NOTES,next_day
1738,,A-1,015,11/4/21,9:12,9:28,28,70,PK,Y,BC,1738,0.078,Y,,Y
1728,,A-2,015,11/4/21,9:13,14:24,28,70,PK,Y,BC,1728,0.051,N,,
1733,,A-3,015,11/4/21,9:14,11:30,28,70,PK,Y,C,1733,0.057,N,,
1741,,A-4,015,11/4/21,9:15,10:48,28,70,PK,Y,C,1741,0.056,Y,,
1672,,B-1,015,11/4/21,9:16,12:09,28,70,KL,Y,BC,1672,0.055,Y,,
ID,died?,chamber,set_number,test_date,time_start,time_end,temp,RH,pop,flew,flight_type,ID,mass,Eggs,NOTES,next_day
1739,,A-1,016,11/5/21,10:48,11:20,40,70,PK,Y,B,1739,0.105,Y,,
1542,,A-2,016,11/5/21,10:50,11:21,40,70,KL,N,,1542,0.076,Y,,
1737,,A-3,016,11/5/21,10:51,11:21,40,70,PK,Y,B,1737,0.087,N,,
1743,,A-4,016,11/5/21,10:52,11:22,40,70,PK,Y,B,1743,0.106,Y,,
1746,,B-1,016,11/5/21,10:53,11:23,40,70,PK,Y,B,1746,0.062,N,,
ID,died?,chamber,set_number,test_date,time_start,time_end,temp,RH,pop,flew,flight_type,ID,mass,Eggs,NOTES,next_day
1731,,A-1,017,11/12/21,9:19,3:04,20,70,PK,Y,BC,1731,0.070,Y,,